workload	opcode	total	legal	legal_percent	Legal	NarrowScalar	WidenScalar	FewerElements	MoreElements	Bitcast	Lower	Libcall	Custom	Unsupported	NotFound
TOTAL	G_LOAD	493972	493462	99.896755	493462	0	0	0	0	0	510	0	0	0	0
TOTAL	G_FRAME_INDEX	386893	386893	100.000000	386893	0	0	0	0	0	0	0	0	0	0
TOTAL	G_CONSTANT	328064	324388	98.879487	324388	2	3674	0	0	0	0	0	0	0	0
TOTAL	G_STORE	278347	275693	99.046514	275693	0	1327	0	0	0	1327	0	0	0	0
TOTAL	G_BRCOND	224964	148877	66.178144	148877	0	76087	0	0	0	0	0	0	0	0
TOTAL	G_BR	204751	204751	100.000000	204751	0	0	0	0	0	0	0	0	0	0
TOTAL	G_PTR_ADD	191068	191068	100.000000	191068	0	0	0	0	0	0	0	0	0	0
TOTAL	G_ICMP	155439	76227	49.039816	76227	0	79212	0	0	0	0	0	0	0	0
TOTAL	G_GLOBAL_VALUE	64488	0	0.000000	0	0	0	0	0	0	0	0	64488	0	0
TOTAL	G_SHL	37710	32243	85.502519	32243	0	870	0	0	0	0	0	4597	0	0
TOTAL	G_ADD	32336	32117	99.322736	32117	0	219	0	0	0	0	0	0	0	0
TOTAL	G_SEXTLOAD	29956	29931	99.916544	29931	0	25	0	0	0	0	0	0	0	0
TOTAL	G_AND	20987	17131	81.626721	17131	0	3856	0	0	0	0	0	0	0	0
TOTAL	G_ZEXTLOAD	20971	20961	99.952315	20961	0	10	0	0	0	0	0	0	0	0
TOTAL	G_TRUNC	15113	15113	100.000000	15113	0	0	0	0	0	0	0	0	0	0
TOTAL	G_INVOKE_REGION_START	12072	12072	100.000000	12072	0	0	0	0	0	0	0	0	0	0
TOTAL	G_PTRTOINT	9347	5518	59.034984	5518	0	3829	0	0	0	0	0	0	0	0
TOTAL	G_PHI	7950	6269	78.855346	6269	1	1680	0	0	0	0	0	0	0	0
TOTAL	G_MUL	6992	6989	99.957094	6989	0	3	0	0	0	0	0	0	0	0
TOTAL	G_SUB	6900	6900	100.000000	6900	0	0	0	0	0	0	0	0	0	0
TOTAL	G_LSHR	6617	2552	38.567327	2552	0	1564	0	0	0	0	0	2501	0	0
TOTAL	G_SEXT	5871	5871	100.000000	5871	0	0	0	0	0	0	0	0	0	0
TOTAL	G_ZEXT	5754	5754	100.000000	5754	0	0	0	0	0	0	0	0	0	0
TOTAL	G_OR	5636	4661	82.700497	4661	0	975	0	0	0	0	0	0	0	0
TOTAL	G_FCONSTANT	4803	4803	100.000000	4803	0	0	0	0	0	0	0	0	0	0
TOTAL	G_FCMP	3654	1818	49.753695	1818	0	1827	0	0	0	0	9	0	0	0
TOTAL	G_ANYEXT	3463	3463	100.000000	3463	0	0	0	0	0	0	0	0	0	0
TOTAL	G_FMUL	3236	3221	99.536465	3221	0	0	0	0	0	0	15	0	0	0
TOTAL	G_SELECT	2870	1848	64.390244	1848	0	1022	0	0	0	0	0	0	0	0
TOTAL	G_ASHR	2754	1246	45.243282	1246	0	22	0	0	0	0	0	1486	0	0
TOTAL	G_FADD	1772	1768	99.774266	1768	0	0	0	0	0	0	4	0	0	0
TOTAL	G_FMA	1582	1582	100.000000	1582	0	0	0	0	0	0	0	0	0	0
TOTAL	G_SDIV	1477	1477	100.000000	1477	0	0	0	0	0	0	0	0	0	0
TOTAL	G_XOR	1290	1211	93.875969	1211	2	77	0	0	0	0	0	0	0	0
TOTAL	G_FSUB	1221	1220	99.918100	1220	0	0	0	0	0	0	1	0	0	0
TOTAL	G_SITOFP	1177	1172	99.575191	1172	0	2	0	0	0	0	3	0	0	0
TOTAL	G_FDIV	1020	1018	99.803922	1018	0	0	0	0	0	0	2	0	0	0
TOTAL	G_FNEG	900	898	99.777778	898	0	0	0	0	0	2	0	0	0	0
TOTAL	G_INTTOPTR	858	858	100.000000	858	0	0	0	0	0	0	0	0	0	0
TOTAL	G_FPEXT	775	772	99.612903	772	0	0	0	0	0	0	3	0	0	0
TOTAL	G_UDIV	655	655	100.000000	655	0	0	0	0	0	0	0	0	0	0
TOTAL	G_MEMCPY	575	0	0.000000	0	0	0	0	0	0	0	575	0	0	0
TOTAL	G_TRAP	432	432	100.000000	432	0	0	0	0	0	0	0	0	0	0
TOTAL	G_FPTOSI	367	365	99.455041	365	0	1	0	0	0	0	1	0	0	0
TOTAL	G_UREM	310	0	0.000000	0	0	0	0	0	0	310	0	0	0	0
TOTAL	G_SREM	304	0	0.000000	0	0	0	0	0	0	304	0	0	0	0
TOTAL	G_FPTRUNC	295	294	99.661017	294	0	0	0	0	0	0	1	0	0	0
TOTAL	G_MEMSET	213	0	0.000000	0	0	0	0	0	0	0	213	0	0	0
TOTAL	G_MEMMOVE	107	0	0.000000	0	0	0	0	0	0	0	107	0	0	0
TOTAL	G_UMULH	84	84	100.000000	84	0	0	0	0	0	0	0	0	0	0
TOTAL	G_UMULO	84	0	0.000000	0	0	0	0	0	0	84	0	0	0	0
TOTAL	G_BRJT	75	75	100.000000	75	0	0	0	0	0	0	0	0	0	0
TOTAL	G_JUMP_TABLE	75	75	100.000000	75	0	0	0	0	0	0	0	0	0	0
TOTAL	G_UITOFP	73	53	72.602740	53	0	20	0	0	0	0	0	0	0	0
TOTAL	G_FPTOUI	59	34	57.627119	34	0	25	0	0	0	0	0	0	0	0
TOTAL	G_FABS	55	55	100.000000	55	0	0	0	0	0	0	0	0	0	0
TOTAL	G_SEXT_INREG	40	40	100.000000	40	0	0	0	0	0	0	0	0	0	0
TOTAL	G_FFLOOR	26	26	100.000000	26	0	0	0	0	0	0	0	0	0	0
TOTAL	G_VASTART	24	24	100.000000	24	0	0	0	0	0	0	0	0	0	0
TOTAL	G_BUILD_VECTOR	17	17	100.000000	17	0	0	0	0	0	0	0	0	0	0
TOTAL	G_UADDO	14	7	50.000000	7	0	7	0	0	0	0	0	0	0	0
TOTAL	G_BITCAST	6	6	100.000000	6	0	0	0	0	0	0	0	0	0	0
TOTAL	G_DYN_STACKALLOC	5	0	0.000000	0	0	0	0	0	0	0	0	5	0	0
TOTAL	G_UNMERGE_VALUES	4	4	100.000000	4	0	0	0	0	0	0	0	0	0	0
TOTAL	G_MERGE_VALUES	3	3	100.000000	3	0	0	0	0	0	0	0	0	0	0
TOTAL	G_FCEIL	2	2	100.000000	2	0	0	0	0	0	0	0	0	0	0
TOTAL	G_IS_FPCLASS	2	0	0.000000	0	0	0	0	0	0	2	0	0	0	0
TOTAL	G_STACKRESTORE	2	0	0.000000	0	0	0	0	0	0	2	0	0	0	0
TOTAL	G_STACKSAVE	2	0	0.000000	0	0	0	0	0	0	2	0	0	0	0
TOTAL	G_ABS	1	0	0.000000	0	0	0	0	0	0	0	0	1	0	0
TOTAL	G_CTLZ	1	1	100.000000	1	0	0	0	0	0	0	0	0	0	0
7zip	G_FRAME_INDEX	67836	67836	100.000000	67836	0	0	0	0	0	0	0	0	0	0
7zip	G_LOAD	65058	64808	99.615728	64808	0	0	0	0	0	250	0	0	0	0
7zip	G_CONSTANT	57952	57009	98.372791	57009	0	943	0	0	0	0	0	0	0	0
7zip	G_STORE	50654	49366	97.457259	49366	0	644	0	0	0	644	0	0	0	0
7zip	G_BR	38529	38529	100.000000	38529	0	0	0	0	0	0	0	0	0	0
7zip	G_BRCOND	33723	22202	65.836373	22202	0	11521	0	0	0	0	0	0	0	0
7zip	G_PTR_ADD	29235	29235	100.000000	29235	0	0	0	0	0	0	0	0	0	0
7zip	G_ICMP	24750	11808	47.709091	11808	0	12942	0	0	0	0	0	0	0	0
7zip	G_INVOKE_REGION_START	7023	7023	100.000000	7023	0	0	0	0	0	0	0	0	0	0
7zip	G_ADD	5776	5760	99.722992	5760	0	16	0	0	0	0	0	0	0	0
7zip	G_TRUNC	4788	4788	100.000000	4788	0	0	0	0	0	0	0	0	0	0
7zip	G_PTRTOINT	4671	2449	52.429887	2449	0	2222	0	0	0	0	0	0	0	0
7zip	G_SHL	4452	3429	77.021563	3429	0	0	0	0	0	0	0	1023	0	0
7zip	G_ZEXTLOAD	4361	4358	99.931208	4358	0	3	0	0	0	0	0	0	0	0
7zip	G_AND	4192	3453	82.371183	3453	0	739	0	0	0	0	0	0	0	0
7zip	G_GLOBAL_VALUE	2578	0	0.000000	0	0	0	0	0	0	0	0	2578	0	0
7zip	G_ZEXT	1787	1787	100.000000	1787	0	0	0	0	0	0	0	0	0	0
7zip	G_SEXTLOAD	1677	1677	100.000000	1677	0	0	0	0	0	0	0	0	0	0
7zip	G_LSHR	1210	604	49.917355	604	0	0	0	0	0	0	0	606	0	0
7zip	G_SUB	1204	1204	100.000000	1204	0	0	0	0	0	0	0	0	0	0
7zip	G_SELECT	828	533	64.371981	533	0	295	0	0	0	0	0	0	0	0
7zip	G_OR	812	805	99.137931	805	0	7	0	0	0	0	0	0	0	0
7zip	G_PHI	707	522	73.833098	522	0	185	0	0	0	0	0	0	0	0
7zip	G_SEXT	541	541	100.000000	541	0	0	0	0	0	0	0	0	0	0
7zip	G_MUL	535	535	100.000000	535	0	0	0	0	0	0	0	0	0	0
7zip	G_XOR	475	457	96.210526	457	0	18	0	0	0	0	0	0	0	0
7zip	G_ANYEXT	447	447	100.000000	447	0	0	0	0	0	0	0	0	0	0
7zip	G_TRAP	282	282	100.000000	282	0	0	0	0	0	0	0	0	0	0
7zip	G_ASHR	186	90	48.387097	90	0	0	0	0	0	0	0	96	0	0
7zip	G_SDIV	139	139	100.000000	139	0	0	0	0	0	0	0	0	0	0
7zip	G_UDIV	114	114	100.000000	114	0	0	0	0	0	0	0	0	0	0
7zip	G_MEMCPY	83	0	0.000000	0	0	0	0	0	0	0	83	0	0	0
7zip	G_UMULH	68	68	100.000000	68	0	0	0	0	0	0	0	0	0	0
7zip	G_UMULO	68	0	0.000000	0	0	0	0	0	0	68	0	0	0	0
7zip	G_MEMMOVE	49	0	0.000000	0	0	0	0	0	0	0	49	0	0	0
7zip	G_MEMSET	24	0	0.000000	0	0	0	0	0	0	0	24	0	0	0
7zip	G_SREM	16	0	0.000000	0	0	0	0	0	0	16	0	0	0	0
7zip	G_UADDO	14	7	50.000000	7	0	7	0	0	0	0	0	0	0	0
7zip	G_UREM	11	0	0.000000	0	0	0	0	0	0	11	0	0	0	0
7zip	G_INTTOPTR	5	5	100.000000	5	0	0	0	0	0	0	0	0	0	0
7zip	G_BRJT	4	4	100.000000	4	0	0	0	0	0	0	0	0	0	0
7zip	G_JUMP_TABLE	4	4	100.000000	4	0	0	0	0	0	0	0	0	0	0
7zip	G_BUILD_VECTOR	2	2	100.000000	2	0	0	0	0	0	0	0	0	0	0
7zip	G_DYN_STACKALLOC	1	0	0.000000	0	0	0	0	0	0	0	0	1	0	0
7zip	G_SEXT_INREG	1	1	100.000000	1	0	0	0	0	0	0	0	0	0	0
7zip	G_STACKRESTORE	1	0	0.000000	0	0	0	0	0	0	1	0	0	0	0
7zip	G_STACKSAVE	1	0	0.000000	0	0	0	0	0	0	1	0	0	0	0
Bullet	G_LOAD	63722	63643	99.876024	63643	0	0	0	0	0	79	0	0	0	0
Bullet	G_FRAME_INDEX	56647	56647	100.000000	56647	0	0	0	0	0	0	0	0	0	0
Bullet	G_STORE	54101	53615	99.101680	53615	0	243	0	0	0	243	0	0	0	0
Bullet	G_CONSTANT	39767	39260	98.725074	39260	0	507	0	0	0	0	0	0	0	0
Bullet	G_PTR_ADD	37152	37152	100.000000	37152	0	0	0	0	0	0	0	0	0	0
Bullet	G_BR	20106	20106	100.000000	20106	0	0	0	0	0	0	0	0	0	0
Bullet	G_BRCOND	16856	11128	66.018035	11128	0	5728	0	0	0	0	0	0	0	0
Bullet	G_ICMP	9893	4596	46.457091	4596	0	5297	0	0	0	0	0	0	0	0
Bullet	G_INVOKE_REGION_START	4235	4235	100.000000	4235	0	0	0	0	0	0	0	0	0	0
Bullet	G_FCONSTANT	3097	3097	100.000000	3097	0	0	0	0	0	0	0	0	0	0
Bullet	G_SHL	2830	2595	91.696113	2595	0	40	0	0	0	0	0	195	0	0
Bullet	G_FCMP	2652	1326	50.000000	1326	0	1326	0	0	0	0	0	0	0	0
Bullet	G_SEXTLOAD	2305	2305	100.000000	2305	0	0	0	0	0	0	0	0	0	0
Bullet	G_FMUL	2298	2298	100.000000	2298	0	0	0	0	0	0	0	0	0	0
Bullet	G_ADD	2261	2243	99.203892	2243	0	18	0	0	0	0	0	0	0	0
Bullet	G_AND	2110	1664	78.862559	1664	0	446	0	0	0	0	0	0	0	0
Bullet	G_PTRTOINT	1880	994	52.872340	994	0	886	0	0	0	0	0	0	0	0
Bullet	G_TRUNC	1856	1856	100.000000	1856	0	0	0	0	0	0	0	0	0	0
Bullet	G_FMA	1159	1159	100.000000	1159	0	0	0	0	0	0	0	0	0	0
Bullet	G_FADD	977	977	100.000000	977	0	0	0	0	0	0	0	0	0	0
Bullet	G_PHI	907	798	87.982359	798	0	109	0	0	0	0	0	0	0	0
Bullet	G_GLOBAL_VALUE	835	0	0.000000	0	0	0	0	0	0	0	0	835	0	0
Bullet	G_FSUB	818	818	100.000000	818	0	0	0	0	0	0	0	0	0	0
Bullet	G_FNEG	806	806	100.000000	806	0	0	0	0	0	0	0	0	0	0
Bullet	G_ZEXT	778	778	100.000000	778	0	0	0	0	0	0	0	0	0	0
Bullet	G_MUL	649	649	100.000000	649	0	0	0	0	0	0	0	0	0	0
Bullet	G_FDIV	510	510	100.000000	510	0	0	0	0	0	0	0	0	0	0
Bullet	G_ZEXTLOAD	403	403	100.000000	403	0	0	0	0	0	0	0	0	0	0
Bullet	G_SEXT	344	344	100.000000	344	0	0	0	0	0	0	0	0	0	0
Bullet	G_ANYEXT	317	317	100.000000	317	0	0	0	0	0	0	0	0	0	0
Bullet	G_SELECT	287	189	65.853659	189	0	98	0	0	0	0	0	0	0	0
Bullet	G_OR	256	185	72.265625	185	0	71	0	0	0	0	0	0	0	0
Bullet	G_SUB	218	218	100.000000	218	0	0	0	0	0	0	0	0	0	0
Bullet	G_SDIV	152	152	100.000000	152	0	0	0	0	0	0	0	0	0	0
Bullet	G_SITOFP	145	145	100.000000	145	0	0	0	0	0	0	0	0	0	0
Bullet	G_LSHR	100	38	38.000000	38	0	28	0	0	0	0	0	34	0	0
Bullet	G_MEMCPY	84	0	0.000000	0	0	0	0	0	0	0	84	0	0	0
Bullet	G_ASHR	80	30	37.500000	30	0	22	0	0	0	0	0	28	0	0
Bullet	G_FPEXT	70	70	100.000000	70	0	0	0	0	0	0	0	0	0	0
Bullet	G_SREM	69	0	0.000000	0	0	0	0	0	0	69	0	0	0	0
Bullet	G_TRAP	59	59	100.000000	59	0	0	0	0	0	0	0	0	0	0
Bullet	G_XOR	59	47	79.661017	47	0	12	0	0	0	0	0	0	0	0
Bullet	G_FPTOUI	51	27	52.941176	27	0	24	0	0	0	0	0	0	0	0
Bullet	G_FABS	42	42	100.000000	42	0	0	0	0	0	0	0	0	0	0
Bullet	G_FPTRUNC	42	42	100.000000	42	0	0	0	0	0	0	0	0	0	0
Bullet	G_UITOFP	38	26	68.421053	26	0	12	0	0	0	0	0	0	0	0
Bullet	G_MEMSET	27	0	0.000000	0	0	0	0	0	0	0	27	0	0	0
Bullet	G_FPTOSI	16	16	100.000000	16	0	0	0	0	0	0	0	0	0	0
Bullet	G_UDIV	13	13	100.000000	13	0	0	0	0	0	0	0	0	0	0
Bullet	G_SEXT_INREG	11	11	100.000000	11	0	0	0	0	0	0	0	0	0	0
Bullet	G_INTTOPTR	10	10	100.000000	10	0	0	0	0	0	0	0	0	0	0
Bullet	G_UMULH	10	10	100.000000	10	0	0	0	0	0	0	0	0	0	0
Bullet	G_UMULO	10	0	0.000000	0	0	0	0	0	0	10	0	0	0	0
Bullet	G_UREM	5	0	0.000000	0	0	0	0	0	0	5	0	0	0	0
Bullet	G_BRJT	2	2	100.000000	2	0	0	0	0	0	0	0	0	0	0
Bullet	G_JUMP_TABLE	2	2	100.000000	2	0	0	0	0	0	0	0	0	0	0
Bullet	G_BUILD_VECTOR	1	1	100.000000	1	0	0	0	0	0	0	0	0	0	0
ClamAV	G_LOAD	49017	49013	99.991840	49013	0	0	0	0	0	4	0	0	0	0
ClamAV	G_FRAME_INDEX	42639	42639	100.000000	42639	0	0	0	0	0	0	0	0	0	0
ClamAV	G_CONSTANT	38854	38614	99.382303	38614	0	240	0	0	0	0	0	0	0	0
ClamAV	G_BRCOND	34333	22829	66.492879	22829	0	11504	0	0	0	0	0	0	0	0
ClamAV	G_BR	25264	25264	100.000000	25264	0	0	0	0	0	0	0	0	0	0
ClamAV	G_ICMP	23697	11678	49.280500	11678	0	12019	0	0	0	0	0	0	0	0
ClamAV	G_STORE	21058	21014	99.791053	21014	0	22	0	0	0	22	0	0	0	0
ClamAV	G_PTR_ADD	18311	18311	100.000000	18311	0	0	0	0	0	0	0	0	0	0
ClamAV	G_ZEXTLOAD	5620	5614	99.893238	5614	0	6	0	0	0	0	0	0	0	0
ClamAV	G_ADD	4806	4670	97.170204	4670	0	136	0	0	0	0	0	0	0	0
ClamAV	G_GLOBAL_VALUE	3832	0	0.000000	0	0	0	0	0	0	0	0	3832	0	0
ClamAV	G_SHL	3437	2327	67.704393	2327	0	0	0	0	0	0	0	1110	0	0
ClamAV	G_AND	1835	1802	98.201635	1802	0	33	0	0	0	0	0	0	0	0
ClamAV	G_TRUNC	1806	1806	100.000000	1806	0	0	0	0	0	0	0	0	0	0
ClamAV	G_LSHR	1311	671	51.182304	671	0	6	0	0	0	0	0	634	0	0
ClamAV	G_SUB	1303	1303	100.000000	1303	0	0	0	0	0	0	0	0	0	0
ClamAV	G_SEXTLOAD	1182	1182	100.000000	1182	0	0	0	0	0	0	0	0	0	0
ClamAV	G_MUL	897	897	100.000000	897	0	0	0	0	0	0	0	0	0	0
ClamAV	G_ZEXT	877	877	100.000000	877	0	0	0	0	0	0	0	0	0	0
ClamAV	G_OR	873	869	99.541810	869	0	4	0	0	0	0	0	0	0	0
ClamAV	G_PHI	650	482	74.153846	482	0	168	0	0	0	0	0	0	0	0
ClamAV	G_XOR	578	574	99.307958	574	0	4	0	0	0	0	0	0	0	0
ClamAV	G_SEXT	558	558	100.000000	558	0	0	0	0	0	0	0	0	0	0
ClamAV	G_ASHR	327	142	43.425076	142	0	0	0	0	0	0	0	185	0	0
ClamAV	G_SELECT	326	215	65.950920	215	0	111	0	0	0	0	0	0	0	0
ClamAV	G_ANYEXT	313	313	100.000000	313	0	0	0	0	0	0	0	0	0	0
ClamAV	G_PTRTOINT	299	299	100.000000	299	0	0	0	0	0	0	0	0	0	0
ClamAV	G_UDIV	169	169	100.000000	169	0	0	0	0	0	0	0	0	0	0
ClamAV	G_MEMCPY	106	0	0.000000	0	0	0	0	0	0	0	106	0	0	0
ClamAV	G_UREM	73	0	0.000000	0	0	0	0	0	0	73	0	0	0	0
ClamAV	G_SDIV	66	66	100.000000	66	0	0	0	0	0	0	0	0	0	0
ClamAV	G_MEMSET	46	0	0.000000	0	0	0	0	0	0	0	46	0	0	0
ClamAV	G_SREM	26	0	0.000000	0	0	0	0	0	0	26	0	0	0	0
ClamAV	G_MEMMOVE	17	0	0.000000	0	0	0	0	0	0	0	17	0	0	0
ClamAV	G_BRJT	15	15	100.000000	15	0	0	0	0	0	0	0	0	0	0
ClamAV	G_JUMP_TABLE	15	15	100.000000	15	0	0	0	0	0	0	0	0	0	0
ClamAV	G_SEXT_INREG	13	13	100.000000	13	0	0	0	0	0	0	0	0	0	0
ClamAV	G_INTTOPTR	12	12	100.000000	12	0	0	0	0	0	0	0	0	0	0
ClamAV	G_VASTART	9	9	100.000000	9	0	0	0	0	0	0	0	0	0	0
ClamAV	G_BUILD_VECTOR	6	6	100.000000	6	0	0	0	0	0	0	0	0	0	0
ClamAV	G_FCONSTANT	3	3	100.000000	3	0	0	0	0	0	0	0	0	0	0
ClamAV	G_FPTOUI	2	1	50.000000	1	0	1	0	0	0	0	0	0	0	0
ClamAV	G_FDIV	1	1	100.000000	1	0	0	0	0	0	0	0	0	0	0
ClamAV	G_FMUL	1	1	100.000000	1	0	0	0	0	0	0	0	0	0	0
ClamAV	G_FPTOSI	1	1	100.000000	1	0	0	0	0	0	0	0	0	0	0
ClamAV	G_FSUB	1	1	100.000000	1	0	0	0	0	0	0	0	0	0	0
ClamAV	G_STACKRESTORE	1	0	0.000000	0	0	0	0	0	0	1	0	0	0	0
ClamAV	G_STACKSAVE	1	0	0.000000	0	0	0	0	0	0	1	0	0	0	0
ClamAV	G_UITOFP	1	1	100.000000	1	0	0	0	0	0	0	0	0	0	0
consumer-typeset	G_LOAD	62308	62308	100.000000	62308	0	0	0	0	0	0	0	0	0	0
consumer-typeset	G_CONSTANT	45654	45397	99.437070	45397	0	257	0	0	0	0	0	0	0	0
consumer-typeset	G_BRCOND	30299	20151	66.507145	20151	0	10148	0	0	0	0	0	0	0	0
consumer-typeset	G_PTR_ADD	28139	28139	100.000000	28139	0	0	0	0	0	0	0	0	0	0
consumer-typeset	G_STORE	27731	27731	100.000000	27731	0	0	0	0	0	0	0	0	0	0
consumer-typeset	G_BR	26373	26373	100.000000	26373	0	0	0	0	0	0	0	0	0	0
consumer-typeset	G_GLOBAL_VALUE	23637	0	0.000000	0	0	0	0	0	0	0	0	23637	0	0
consumer-typeset	G_FRAME_INDEX	22856	22856	100.000000	22856	0	0	0	0	0	0	0	0	0	0
consumer-typeset	G_ICMP	21154	10768	50.902903	10768	0	10386	0	0	0	0	0	0	0	0
consumer-typeset	G_AND	7115	4983	70.035137	4983	0	2132	0	0	0	0	0	0	0	0
consumer-typeset	G_SHL	6284	4719	75.095481	4719	0	830	0	0	0	0	0	735	0	0
consumer-typeset	G_ZEXTLOAD	4941	4941	100.000000	4941	0	0	0	0	0	0	0	0	0	0
consumer-typeset	G_SEXTLOAD	3839	3839	100.000000	3839	0	0	0	0	0	0	0	0	0	0
consumer-typeset	G_LSHR	3778	1124	29.751191	1124	0	1530	0	0	0	0	0	1124	0	0
consumer-typeset	G_OR	3202	2311	72.173641	2311	0	891	0	0	0	0	0	0	0	0
consumer-typeset	G_TRUNC	1544	1544	100.000000	1544	0	0	0	0	0	0	0	0	0	0
consumer-typeset	G_ADD	1339	1335	99.701270	1335	0	4	0	0	0	0	0	0	0	0
consumer-typeset	G_PHI	1280	1053	82.265625	1053	0	227	0	0	0	0	0	0	0	0
consumer-typeset	G_ANYEXT	1245	1245	100.000000	1245	0	0	0	0	0	0	0	0	0	0
consumer-typeset	G_ZEXT	873	873	100.000000	873	0	0	0	0	0	0	0	0	0	0
consumer-typeset	G_SEXT	772	772	100.000000	772	0	0	0	0	0	0	0	0	0	0
consumer-typeset	G_SUB	395	395	100.000000	395	0	0	0	0	0	0	0	0	0	0
consumer-typeset	G_MUL	381	381	100.000000	381	0	0	0	0	0	0	0	0	0	0
consumer-typeset	G_SELECT	202	133	65.841584	133	0	69	0	0	0	0	0	0	0	0
consumer-typeset	G_SDIV	130	130	100.000000	130	0	0	0	0	0	0	0	0	0	0
consumer-typeset	G_SITOFP	116	116	100.000000	116	0	0	0	0	0	0	0	0	0	0
consumer-typeset	G_FCONSTANT	107	107	100.000000	107	0	0	0	0	0	0	0	0	0	0
consumer-typeset	G_FCMP	80	40	50.000000	40	0	40	0	0	0	0	0	0	0	0
consumer-typeset	G_FPEXT	79	79	100.000000	79	0	0	0	0	0	0	0	0	0	0
consumer-typeset	G_PTRTOINT	70	64	91.428571	64	0	6	0	0	0	0	0	0	0	0
consumer-typeset	G_FPTOSI	69	68	98.550725	68	0	1	0	0	0	0	0	0	0	0
consumer-typeset	G_FDIV	54	54	100.000000	54	0	0	0	0	0	0	0	0	0	0
consumer-typeset	G_FMUL	52	52	100.000000	52	0	0	0	0	0	0	0	0	0	0
consumer-typeset	G_SREM	35	0	0.000000	0	0	0	0	0	0	35	0	0	0	0
consumer-typeset	G_UDIV	26	26	100.000000	26	0	0	0	0	0	0	0	0	0	0
consumer-typeset	G_BRJT	21	21	100.000000	21	0	0	0	0	0	0	0	0	0	0
consumer-typeset	G_JUMP_TABLE	21	21	100.000000	21	0	0	0	0	0	0	0	0	0	0
consumer-typeset	G_FPTRUNC	16	16	100.000000	16	0	0	0	0	0	0	0	0	0	0
consumer-typeset	G_FNEG	15	15	100.000000	15	0	0	0	0	0	0	0	0	0	0
consumer-typeset	G_XOR	14	7	50.000000	7	0	7	0	0	0	0	0	0	0	0
consumer-typeset	G_SEXT_INREG	13	13	100.000000	13	0	0	0	0	0	0	0	0	0	0
consumer-typeset	G_UREM	11	0	0.000000	0	0	0	0	0	0	11	0	0	0	0
consumer-typeset	G_FADD	10	10	100.000000	10	0	0	0	0	0	0	0	0	0	0
consumer-typeset	G_FSUB	10	10	100.000000	10	0	0	0	0	0	0	0	0	0	0
consumer-typeset	G_FMA	9	9	100.000000	9	0	0	0	0	0	0	0	0	0	0
consumer-typeset	G_MEMCPY	6	0	0.000000	0	0	0	0	0	0	0	6	0	0	0
consumer-typeset	G_ASHR	4	2	50.000000	2	0	0	0	0	0	0	0	2	0	0
consumer-typeset	G_FABS	3	3	100.000000	3	0	0	0	0	0	0	0	0	0	0
consumer-typeset	G_FFLOOR	1	1	100.000000	1	0	0	0	0	0	0	0	0	0	0
consumer-typeset	G_INTTOPTR	1	1	100.000000	1	0	0	0	0	0	0	0	0	0	0
consumer-typeset	G_MEMSET	1	0	0.000000	0	0	0	0	0	0	0	1	0	0	0
consumer-typeset	G_VASTART	1	1	100.000000	1	0	0	0	0	0	0	0	0	0	0
kimwitu++	G_LOAD	51197	51146	99.900385	51146	0	0	0	0	0	51	0	0	0	0
kimwitu++	G_FRAME_INDEX	32559	32559	100.000000	32559	0	0	0	0	0	0	0	0	0	0
kimwitu++	G_STORE	24476	24160	98.708939	24160	0	158	0	0	0	158	0	0	0	0
kimwitu++	G_CONSTANT	24408	24038	98.484104	24038	0	370	0	0	0	0	0	0	0	0
kimwitu++	G_BRCOND	19013	12549	66.002209	12549	0	6464	0	0	0	0	0	0	0	0
kimwitu++	G_BR	18137	18137	100.000000	18137	0	0	0	0	0	0	0	0	0	0
kimwitu++	G_ICMP	13035	6329	48.553893	6329	0	6706	0	0	0	0	0	0	0	0
kimwitu++	G_PTR_ADD	11789	11789	100.000000	11789	0	0	0	0	0	0	0	0	0	0
kimwitu++	G_GLOBAL_VALUE	8965	0	0.000000	0	0	0	0	0	0	0	0	8965	0	0
kimwitu++	G_PTRTOINT	1366	817	59.809663	817	0	549	0	0	0	0	0	0	0	0
kimwitu++	G_PHI	1264	1180	93.354430	1180	0	84	0	0	0	0	0	0	0	0
kimwitu++	G_AND	1245	1068	85.783133	1068	0	177	0	0	0	0	0	0	0	0
kimwitu++	G_TRUNC	906	906	100.000000	906	0	0	0	0	0	0	0	0	0	0
kimwitu++	G_INVOKE_REGION_START	814	814	100.000000	814	0	0	0	0	0	0	0	0	0	0
kimwitu++	G_SHL	490	490	100.000000	490	0	0	0	0	0	0	0	0	0	0
kimwitu++	G_ADD	462	462	100.000000	462	0	0	0	0	0	0	0	0	0	0
kimwitu++	G_ZEXT	405	405	100.000000	405	0	0	0	0	0	0	0	0	0	0
kimwitu++	G_ZEXTLOAD	280	280	100.000000	280	0	0	0	0	0	0	0	0	0	0
kimwitu++	G_SUB	234	234	100.000000	234	0	0	0	0	0	0	0	0	0	0
kimwitu++	G_SEXTLOAD	155	155	100.000000	155	0	0	0	0	0	0	0	0	0	0
kimwitu++	G_ANYEXT	147	147	100.000000	147	0	0	0	0	0	0	0	0	0	0
kimwitu++	G_SELECT	129	65	50.387597	65	0	64	0	0	0	0	0	0	0	0
kimwitu++	G_SDIV	111	111	100.000000	111	0	0	0	0	0	0	0	0	0	0
kimwitu++	G_SEXT	109	109	100.000000	109	0	0	0	0	0	0	0	0	0	0
kimwitu++	G_MUL	105	105	100.000000	105	0	0	0	0	0	0	0	0	0	0
kimwitu++	G_TRAP	81	81	100.000000	81	0	0	0	0	0	0	0	0	0	0
kimwitu++	G_UDIV	63	63	100.000000	63	0	0	0	0	0	0	0	0	0	0
kimwitu++	G_INTTOPTR	61	61	100.000000	61	0	0	0	0	0	0	0	0	0	0
kimwitu++	G_MEMMOVE	27	0	0.000000	0	0	0	0	0	0	0	27	0	0	0
kimwitu++	G_XOR	25	16	64.000000	16	0	9	0	0	0	0	0	0	0	0
kimwitu++	G_BRJT	14	14	100.000000	14	0	0	0	0	0	0	0	0	0	0
kimwitu++	G_JUMP_TABLE	14	14	100.000000	14	0	0	0	0	0	0	0	0	0	0
kimwitu++	G_MEMSET	14	0	0.000000	0	0	0	0	0	0	0	14	0	0	0
kimwitu++	G_UREM	13	0	0.000000	0	0	0	0	0	0	13	0	0	0	0
kimwitu++	G_SREM	8	0	0.000000	0	0	0	0	0	0	8	0	0	0	0
kimwitu++	G_FCMP	2	1	50.000000	1	0	1	0	0	0	0	0	0	0	0
kimwitu++	G_UMULH	2	2	100.000000	2	0	0	0	0	0	0	0	0	0	0
kimwitu++	G_UMULO	2	0	0.000000	0	0	0	0	0	0	2	0	0	0	0
kimwitu++	G_ASHR	1	1	100.000000	1	0	0	0	0	0	0	0	0	0	0
kimwitu++	G_OR	1	1	100.000000	1	0	0	0	0	0	0	0	0	0	0
lencod	G_LOAD	63264	63264	100.000000	63264	0	0	0	0	0	0	0	0	0	0
lencod	G_CONSTANT	47660	47366	99.383131	47366	0	294	0	0	0	0	0	0	0	0
lencod	G_FRAME_INDEX	33973	33973	100.000000	33973	0	0	0	0	0	0	0	0	0	0
lencod	G_PTR_ADD	33694	33694	100.000000	33694	0	0	0	0	0	0	0	0	0	0
lencod	G_BRCOND	26593	17711	66.600233	17711	0	8882	0	0	0	0	0	0	0	0
lencod	G_BR	21613	21613	100.000000	21613	0	0	0	0	0	0	0	0	0	0
lencod	G_STORE	20951	20951	100.000000	20951	0	0	0	0	0	0	0	0	0	0
lencod	G_ICMP	18634	9256	49.672641	9256	0	9378	0	0	0	0	0	0	0	0
lencod	G_SHL	13066	11750	89.928058	11750	0	0	0	0	0	0	0	1316	0	0
lencod	G_SEXTLOAD	12639	12614	99.802200	12614	0	25	0	0	0	0	0	0	0	0
lencod	G_GLOBAL_VALUE	11797	0	0.000000	0	0	0	0	0	0	0	0	11797	0	0
lencod	G_ADD	8408	8386	99.738344	8386	0	22	0	0	0	0	0	0	0	0
lencod	G_MUL	2394	2391	99.874687	2391	0	3	0	0	0	0	0	0	0	0
lencod	G_SUB	2137	2137	100.000000	2137	0	0	0	0	0	0	0	0	0	0
lencod	G_ASHR	2081	950	45.651129	950	0	0	0	0	0	0	0	1131	0	0
lencod	G_SEXT	1990	1990	100.000000	1990	0	0	0	0	0	0	0	0	0	0
lencod	G_ZEXTLOAD	1760	1759	99.943182	1759	0	1	0	0	0	0	0	0	0	0
lencod	G_TRUNC	1384	1384	100.000000	1384	0	0	0	0	0	0	0	0	0	0
lencod	G_PHI	1233	988	80.129765	988	0	245	0	0	0	0	0	0	0	0
lencod	G_SELECT	570	363	63.684211	363	0	207	0	0	0	0	0	0	0	0
lencod	G_AND	548	547	99.817518	547	0	1	0	0	0	0	0	0	0	0
lencod	G_SDIV	542	542	100.000000	542	0	0	0	0	0	0	0	0	0	0
lencod	G_SITOFP	404	402	99.504950	402	0	2	0	0	0	0	0	0	0	0
lencod	G_FCONSTANT	356	356	100.000000	356	0	0	0	0	0	0	0	0	0	0
lencod	G_ANYEXT	232	232	100.000000	232	0	0	0	0	0	0	0	0	0	0
lencod	G_FDIV	212	212	100.000000	212	0	0	0	0	0	0	0	0	0	0
lencod	G_FMUL	202	202	100.000000	202	0	0	0	0	0	0	0	0	0	0
lencod	G_MEMCPY	190	0	0.000000	0	0	0	0	0	0	0	190	0	0	0
lencod	G_FPEXT	174	174	100.000000	174	0	0	0	0	0	0	0	0	0	0
lencod	G_ZEXT	166	166	100.000000	166	0	0	0	0	0	0	0	0	0	0
lencod	G_FCMP	160	80	50.000000	80	0	80	0	0	0	0	0	0	0	0
lencod	G_OR	157	157	100.000000	157	0	0	0	0	0	0	0	0	0	0
lencod	G_FADD	131	131	100.000000	131	0	0	0	0	0	0	0	0	0	0
lencod	G_FPTOSI	120	120	100.000000	120	0	0	0	0	0	0	0	0	0	0
lencod	G_SREM	110	0	0.000000	0	0	0	0	0	0	110	0	0	0	0
lencod	G_FMA	83	83	100.000000	83	0	0	0	0	0	0	0	0	0	0
lencod	G_XOR	51	42	82.352941	42	0	9	0	0	0	0	0	0	0	0
lencod	G_MEMSET	43	0	0.000000	0	0	0	0	0	0	0	43	0	0	0
lencod	G_UDIV	43	43	100.000000	43	0	0	0	0	0	0	0	0	0	0
lencod	G_UITOFP	32	24	75.000000	24	0	8	0	0	0	0	0	0	0	0
lencod	G_FSUB	30	30	100.000000	30	0	0	0	0	0	0	0	0	0	0
lencod	G_FFLOOR	25	25	100.000000	25	0	0	0	0	0	0	0	0	0	0
lencod	G_LSHR	22	14	63.636364	14	0	0	0	0	0	0	0	8	0	0
lencod	G_UREM	21	0	0.000000	0	0	0	0	0	0	21	0	0	0	0
lencod	G_FPTRUNC	18	18	100.000000	18	0	0	0	0	0	0	0	0	0	0
lencod	G_FNEG	16	16	100.000000	16	0	0	0	0	0	0	0	0	0	0
lencod	G_BUILD_VECTOR	7	7	100.000000	7	0	0	0	0	0	0	0	0	0	0
lencod	G_FABS	4	4	100.000000	4	0	0	0	0	0	0	0	0	0	0
lencod	G_FPTOUI	3	3	100.000000	3	0	0	0	0	0	0	0	0	0	0
lencod	G_BRJT	2	2	100.000000	2	0	0	0	0	0	0	0	0	0	0
lencod	G_FCEIL	2	2	100.000000	2	0	0	0	0	0	0	0	0	0	0
lencod	G_JUMP_TABLE	2	2	100.000000	2	0	0	0	0	0	0	0	0	0	0
lencod	G_SEXT_INREG	1	1	100.000000	1	0	0	0	0	0	0	0	0	0	0
mafft	G_LOAD	30629	30629	100.000000	30629	0	0	0	0	0	0	0	0	0	0
mafft	G_FRAME_INDEX	26117	26117	100.000000	26117	0	0	0	0	0	0	0	0	0	0
mafft	G_CONSTANT	16261	16222	99.760162	16222	0	39	0	0	0	0	0	0	0	0
mafft	G_STORE	14879	14879	100.000000	14879	0	0	0	0	0	0	0	0	0	0
mafft	G_BRCOND	13564	9033	66.595400	9033	0	4531	0	0	0	0	0	0	0	0
mafft	G_BR	12868	12868	100.000000	12868	0	0	0	0	0	0	0	0	0	0
mafft	G_ICMP	8898	4427	49.752753	4427	0	4471	0	0	0	0	0	0	0	0
mafft	G_PTR_ADD	8435	8435	100.000000	8435	0	0	0	0	0	0	0	0	0	0
mafft	G_GLOBAL_VALUE	6467	0	0.000000	0	0	0	0	0	0	0	0	6467	0	0
mafft	G_SEXTLOAD	5179	5179	100.000000	5179	0	0	0	0	0	0	0	0	0	0
mafft	G_SHL	4998	4982	99.679872	4982	0	0	0	0	0	0	0	16	0	0
mafft	G_ADD	4404	4404	100.000000	4404	0	0	0	0	0	0	0	0	0	0
mafft	G_FCONSTANT	963	963	100.000000	963	0	0	0	0	0	0	0	0	0	0
mafft	G_SEXT	807	807	100.000000	807	0	0	0	0	0	0	0	0	0	0
mafft	G_ZEXTLOAD	733	733	100.000000	733	0	0	0	0	0	0	0	0	0	0
mafft	G_MUL	682	682	100.000000	682	0	0	0	0	0	0	0	0	0	0
mafft	G_FCMP	608	304	50.000000	304	0	304	0	0	0	0	0	0	0	0
mafft	G_FADD	576	576	100.000000	576	0	0	0	0	0	0	0	0	0	0
mafft	G_FMUL	455	455	100.000000	455	0	0	0	0	0	0	0	0	0	0
mafft	G_FPEXT	449	449	100.000000	449	0	0	0	0	0	0	0	0	0	0
mafft	G_SITOFP	440	440	100.000000	440	0	0	0	0	0	0	0	0	0	0
mafft	G_SUB	409	409	100.000000	409	0	0	0	0	0	0	0	0	0	0
mafft	G_TRUNC	295	295	100.000000	295	0	0	0	0	0	0	0	0	0	0
mafft	G_PHI	247	215	87.044534	215	0	32	0	0	0	0	0	0	0	0
mafft	G_FMA	223	223	100.000000	223	0	0	0	0	0	0	0	0	0	0
mafft	G_FSUB	219	219	100.000000	219	0	0	0	0	0	0	0	0	0	0
mafft	G_FPTRUNC	218	218	100.000000	218	0	0	0	0	0	0	0	0	0	0
mafft	G_FDIV	153	153	100.000000	153	0	0	0	0	0	0	0	0	0	0
mafft	G_FPTOSI	125	125	100.000000	125	0	0	0	0	0	0	0	0	0	0
mafft	G_PTRTOINT	86	86	100.000000	86	0	0	0	0	0	0	0	0	0	0
mafft	G_ZEXT	49	49	100.000000	49	0	0	0	0	0	0	0	0	0	0
mafft	G_AND	48	48	100.000000	48	0	0	0	0	0	0	0	0	0	0
mafft	G_SDIV	43	43	100.000000	43	0	0	0	0	0	0	0	0	0	0
mafft	G_FNEG	37	37	100.000000	37	0	0	0	0	0	0	0	0	0	0
mafft	G_ANYEXT	33	33	100.000000	33	0	0	0	0	0	0	0	0	0	0
mafft	G_SREM	14	0	0.000000	0	0	0	0	0	0	14	0	0	0	0
mafft	G_SELECT	12	8	66.666667	8	0	4	0	0	0	0	0	0	0	0
mafft	G_MEMCPY	9	0	0.000000	0	0	0	0	0	0	0	9	0	0	0
mafft	G_XOR	6	3	50.000000	3	0	3	0	0	0	0	0	0	0	0
mafft	G_ASHR	2	1	50.000000	1	0	0	0	0	0	0	0	1	0	0
mafft	G_BRJT	2	2	100.000000	2	0	0	0	0	0	0	0	0	0	0
mafft	G_JUMP_TABLE	2	2	100.000000	2	0	0	0	0	0	0	0	0	0	0
SPASS	G_LOAD	37605	37605	100.000000	37605	0	0	0	0	0	0	0	0	0	0
SPASS	G_FRAME_INDEX	35568	35568	100.000000	35568	0	0	0	0	0	0	0	0	0	0
SPASS	G_BRCOND	22364	14841	66.361116	14841	0	7523	0	0	0	0	0	0	0	0
SPASS	G_STORE	19417	19417	100.000000	19417	0	0	0	0	0	0	0	0	0	0
SPASS	G_BR	18717	18717	100.000000	18717	0	0	0	0	0	0	0	0	0	0
SPASS	G_CONSTANT	16610	16187	97.453341	16187	0	423	0	0	0	0	0	0	0	0
SPASS	G_ICMP	16086	8041	49.987567	8041	0	8045	0	0	0	0	0	0	0	0
SPASS	G_GLOBAL_VALUE	4275	0	0.000000	0	0	0	0	0	0	0	0	4275	0	0
SPASS	G_PTR_ADD	3463	3463	100.000000	3463	0	0	0	0	0	0	0	0	0	0
SPASS	G_ADD	1650	1644	99.636364	1644	0	6	0	0	0	0	0	0	0	0
SPASS	G_PHI	912	519	56.907895	519	0	393	0	0	0	0	0	0	0	0
SPASS	G_SHL	771	764	99.092088	764	0	0	0	0	0	0	0	7	0	0
SPASS	G_TRUNC	680	680	100.000000	680	0	0	0	0	0	0	0	0	0	0
SPASS	G_SEXTLOAD	635	635	100.000000	635	0	0	0	0	0	0	0	0	0	0
SPASS	G_ZEXTLOAD	540	540	100.000000	540	0	0	0	0	0	0	0	0	0	0
SPASS	G_SUB	472	472	100.000000	472	0	0	0	0	0	0	0	0	0	0
SPASS	G_AND	422	422	100.000000	422	0	0	0	0	0	0	0	0	0	0
SPASS	G_PTRTOINT	372	210	56.451613	210	0	162	0	0	0	0	0	0	0	0
SPASS	G_ANYEXT	345	345	100.000000	345	0	0	0	0	0	0	0	0	0	0
SPASS	G_MUL	256	256	100.000000	256	0	0	0	0	0	0	0	0	0	0
SPASS	G_INTTOPTR	229	229	100.000000	229	0	0	0	0	0	0	0	0	0	0
SPASS	G_UDIV	177	177	100.000000	177	0	0	0	0	0	0	0	0	0	0
SPASS	G_SEXT	173	173	100.000000	173	0	0	0	0	0	0	0	0	0	0
SPASS	G_UREM	166	0	0.000000	0	0	0	0	0	0	166	0	0	0	0
SPASS	G_ZEXT	127	127	100.000000	127	0	0	0	0	0	0	0	0	0	0
SPASS	G_SELECT	87	58	66.666667	58	0	29	0	0	0	0	0	0	0	0
SPASS	G_OR	29	29	100.000000	29	0	0	0	0	0	0	0	0	0	0
SPASS	G_ASHR	23	3	13.043478	3	0	0	0	0	0	0	0	20	0	0
SPASS	G_FCMP	12	6	50.000000	6	0	6	0	0	0	0	0	0	0	0
SPASS	G_SDIV	10	10	100.000000	10	0	0	0	0	0	0	0	0	0	0
SPASS	G_SITOFP	8	8	100.000000	8	0	0	0	0	0	0	0	0	0	0
SPASS	G_XOR	6	3	50.000000	3	0	3	0	0	0	0	0	0	0	0
SPASS	G_BRJT	5	5	100.000000	5	0	0	0	0	0	0	0	0	0	0
SPASS	G_JUMP_TABLE	5	5	100.000000	5	0	0	0	0	0	0	0	0	0	0
SPASS	G_DYN_STACKALLOC	4	0	0.000000	0	0	0	0	0	0	0	0	4	0	0
SPASS	G_MEMCPY	4	0	0.000000	0	0	0	0	0	0	0	4	0	0	0
SPASS	G_FCONSTANT	2	2	100.000000	2	0	0	0	0	0	0	0	0	0	0
SPASS	G_FPTOUI	2	2	100.000000	2	0	0	0	0	0	0	0	0	0	0
SPASS	G_SREM	2	0	0.000000	0	0	0	0	0	0	2	0	0	0	0
SPASS	G_VASTART	2	2	100.000000	2	0	0	0	0	0	0	0	0	0	0
SPASS	G_ABS	1	0	0.000000	0	0	0	0	0	0	0	0	1	0	0
SPASS	G_MEMSET	1	0	0.000000	0	0	0	0	0	0	0	1	0	0	0
sqlite3	G_LOAD	35121	35121	100.000000	35121	0	0	0	0	0	0	0	0	0	0
sqlite3	G_FRAME_INDEX	28933	28933	100.000000	28933	0	0	0	0	0	0	0	0	0	0
sqlite3	G_CONSTANT	25961	25754	99.202650	25754	2	205	0	0	0	0	0	0	0	0
sqlite3	G_BRCOND	20270	13467	66.438086	13467	0	6803	0	0	0	0	0	0	0	0
sqlite3	G_BR	15505	15505	100.000000	15505	0	0	0	0	0	0	0	0	0	0
sqlite3	G_STORE	14672	14672	100.000000	14672	0	0	0	0	0	0	0	0	0	0
sqlite3	G_ICMP	14521	7058	48.605468	7058	0	7463	0	0	0	0	0	0	0	0
sqlite3	G_PTR_ADD	12250	12250	100.000000	12250	0	0	0	0	0	0	0	0	0	0
sqlite3	G_ADD	2214	2197	99.232159	2197	0	17	0	0	0	0	0	0	0	0
sqlite3	G_ZEXTLOAD	2012	2012	100.000000	2012	0	0	0	0	0	0	0	0	0	0
sqlite3	G_SEXTLOAD	1667	1667	100.000000	1667	0	0	0	0	0	0	0	0	0	0
sqlite3	G_GLOBAL_VALUE	1177	0	0.000000	0	0	0	0	0	0	0	0	1177	0	0
sqlite3	G_TRUNC	1002	1002	100.000000	1002	0	0	0	0	0	0	0	0	0	0
sqlite3	G_SHL	919	731	79.542982	731	0	0	0	0	0	0	0	188	0	0
sqlite3	G_AND	793	793	100.000000	793	0	0	0	0	0	0	0	0	0	0
sqlite3	G_MUL	640	640	100.000000	640	0	0	0	0	0	0	0	0	0	0
sqlite3	G_PHI	525	340	64.761905	340	1	184	0	0	0	0	0	0	0	0
sqlite3	G_SEXT	467	467	100.000000	467	0	0	0	0	0	0	0	0	0	0
sqlite3	G_ZEXT	453	453	100.000000	453	0	0	0	0	0	0	0	0	0	0
sqlite3	G_SELECT	388	258	66.494845	258	0	130	0	0	0	0	0	0	0	0
sqlite3	G_OR	296	296	100.000000	296	0	0	0	0	0	0	0	0	0	0
sqlite3	G_SUB	237	237	100.000000	237	0	0	0	0	0	0	0	0	0	0
sqlite3	G_LSHR	196	101	51.530612	101	0	0	0	0	0	0	0	95	0	0
sqlite3	G_ANYEXT	192	192	100.000000	192	0	0	0	0	0	0	0	0	0	0
sqlite3	G_FCONSTANT	108	108	100.000000	108	0	0	0	0	0	0	0	0	0	0
sqlite3	G_MEMCPY	92	0	0.000000	0	0	0	0	0	0	0	92	0	0	0
sqlite3	G_SDIV	81	81	100.000000	81	0	0	0	0	0	0	0	0	0	0
sqlite3	G_PTRTOINT	70	66	94.285714	66	0	4	0	0	0	0	0	0	0	0
sqlite3	G_FCMP	62	22	35.483871	22	0	31	0	0	0	0	9	0	0	0
sqlite3	G_MEMSET	56	0	0.000000	0	0	0	0	0	0	0	56	0	0	0
sqlite3	G_ASHR	50	27	54.000000	27	0	0	0	0	0	0	0	23	0	0
sqlite3	G_SITOFP	48	45	93.750000	45	0	0	0	0	0	0	3	0	0	0
sqlite3	G_XOR	39	36	92.307692	36	2	1	0	0	0	0	0	0	0	0
sqlite3	G_FMUL	38	23	60.526316	23	0	0	0	0	0	0	15	0	0	0
sqlite3	G_FPTOSI	34	33	97.058824	33	0	0	0	0	0	0	1	0	0	0
sqlite3	G_FADD	33	29	87.878788	29	0	0	0	0	0	0	4	0	0	0
sqlite3	G_INTTOPTR	25	25	100.000000	25	0	0	0	0	0	0	0	0	0	0
sqlite3	G_UDIV	25	25	100.000000	25	0	0	0	0	0	0	0	0	0	0
sqlite3	G_FDIV	21	19	90.476190	19	0	0	0	0	0	0	2	0	0	0
sqlite3	G_FSUB	20	19	95.000000	19	0	0	0	0	0	0	1	0	0	0
sqlite3	G_SREM	14	0	0.000000	0	0	0	0	0	0	14	0	0	0	0
sqlite3	G_VASTART	11	11	100.000000	11	0	0	0	0	0	0	0	0	0	0
sqlite3	G_BRJT	10	10	100.000000	10	0	0	0	0	0	0	0	0	0	0
sqlite3	G_JUMP_TABLE	10	10	100.000000	10	0	0	0	0	0	0	0	0	0	0
sqlite3	G_UREM	10	0	0.000000	0	0	0	0	0	0	10	0	0	0	0
sqlite3	G_FMA	9	9	100.000000	9	0	0	0	0	0	0	0	0	0	0
sqlite3	G_FNEG	6	4	66.666667	4	0	0	0	0	0	2	0	0	0	0
sqlite3	G_BITCAST	4	4	100.000000	4	0	0	0	0	0	0	0	0	0	0
sqlite3	G_UNMERGE_VALUES	4	4	100.000000	4	0	0	0	0	0	0	0	0	0	0
sqlite3	G_FPEXT	3	0	0.000000	0	0	0	0	0	0	0	3	0	0	0
sqlite3	G_MERGE_VALUES	3	3	100.000000	3	0	0	0	0	0	0	0	0	0	0
sqlite3	G_MEMMOVE	2	0	0.000000	0	0	0	0	0	0	0	2	0	0	0
sqlite3	G_UITOFP	2	2	100.000000	2	0	0	0	0	0	0	0	0	0	0
sqlite3	G_BUILD_VECTOR	1	1	100.000000	1	0	0	0	0	0	0	0	0	0	0
sqlite3	G_FPTOUI	1	1	100.000000	1	0	0	0	0	0	0	0	0	0	0
sqlite3	G_FPTRUNC	1	0	0.000000	0	0	0	0	0	0	0	1	0	0	0
sqlite3	G_SEXT_INREG	1	1	100.000000	1	0	0	0	0	0	0	0	0	0	0
tramp3d-v4	G_FRAME_INDEX	39765	39765	100.000000	39765	0	0	0	0	0	0	0	0	0	0
tramp3d-v4	G_LOAD	36051	35925	99.650495	35925	0	0	0	0	0	126	0	0	0	0
tramp3d-v4	G_STORE	30408	29888	98.289924	29888	0	260	0	0	0	260	0	0	0	0
tramp3d-v4	G_CONSTANT	14937	14541	97.348865	14541	0	396	0	0	0	0	0	0	0	0
tramp3d-v4	G_PTR_ADD	8600	8600	100.000000	8600	0	0	0	0	0	0	0	0	0	0
tramp3d-v4	G_BRCOND	7949	4966	62.473267	4966	0	2983	0	0	0	0	0	0	0	0
tramp3d-v4	G_BR	7639	7639	100.000000	7639	0	0	0	0	0	0	0	0	0	0
tramp3d-v4	G_ICMP	4771	2266	47.495284	2266	0	2505	0	0	0	0	0	0	0	0
tramp3d-v4	G_AND	2679	2351	87.756626	2351	0	328	0	0	0	0	0	0	0	0
tramp3d-v4	G_ADD	1016	1016	100.000000	1016	0	0	0	0	0	0	0	0	0	0
tramp3d-v4	G_GLOBAL_VALUE	925	0	0.000000	0	0	0	0	0	0	0	0	925	0	0
tramp3d-v4	G_TRUNC	852	852	100.000000	852	0	0	0	0	0	0	0	0	0	0
tramp3d-v4	G_SEXTLOAD	678	678	100.000000	678	0	0	0	0	0	0	0	0	0	0
tramp3d-v4	G_PTRTOINT	533	533	100.000000	533	0	0	0	0	0	0	0	0	0	0
tramp3d-v4	G_INTTOPTR	515	515	100.000000	515	0	0	0	0	0	0	0	0	0	0
tramp3d-v4	G_SHL	463	456	98.488121	456	0	0	0	0	0	0	0	7	0	0
tramp3d-v4	G_MUL	453	453	100.000000	453	0	0	0	0	0	0	0	0	0	0
tramp3d-v4	G_ZEXTLOAD	321	321	100.000000	321	0	0	0	0	0	0	0	0	0	0
tramp3d-v4	G_SUB	291	291	100.000000	291	0	0	0	0	0	0	0	0	0	0
tramp3d-v4	G_ZEXT	239	239	100.000000	239	0	0	0	0	0	0	0	0	0	0
tramp3d-v4	G_PHI	225	172	76.444444	172	0	53	0	0	0	0	0	0	0	0
tramp3d-v4	G_SDIV	203	203	100.000000	203	0	0	0	0	0	0	0	0	0	0
tramp3d-v4	G_ANYEXT	192	192	100.000000	192	0	0	0	0	0	0	0	0	0	0
tramp3d-v4	G_FMUL	190	190	100.000000	190	0	0	0	0	0	0	0	0	0	0
tramp3d-v4	G_FCONSTANT	167	167	100.000000	167	0	0	0	0	0	0	0	0	0	0
tramp3d-v4	G_FSUB	123	123	100.000000	123	0	0	0	0	0	0	0	0	0	0
tramp3d-v4	G_SEXT	110	110	100.000000	110	0	0	0	0	0	0	0	0	0	0
tramp3d-v4	G_FMA	99	99	100.000000	99	0	0	0	0	0	0	0	0	0	0
tramp3d-v4	G_FCMP	78	39	50.000000	39	0	39	0	0	0	0	0	0	0	0
tramp3d-v4	G_FDIV	69	69	100.000000	69	0	0	0	0	0	0	0	0	0	0
tramp3d-v4	G_FADD	45	45	100.000000	45	0	0	0	0	0	0	0	0	0	0
tramp3d-v4	G_SELECT	41	26	63.414634	26	0	15	0	0	0	0	0	0	0	0
tramp3d-v4	G_XOR	37	26	70.270270	26	0	11	0	0	0	0	0	0	0	0
tramp3d-v4	G_UDIV	25	25	100.000000	25	0	0	0	0	0	0	0	0	0	0
tramp3d-v4	G_FNEG	20	20	100.000000	20	0	0	0	0	0	0	0	0	0	0
tramp3d-v4	G_SITOFP	16	16	100.000000	16	0	0	0	0	0	0	0	0	0	0
tramp3d-v4	G_MEMMOVE	12	0	0.000000	0	0	0	0	0	0	0	12	0	0	0
tramp3d-v4	G_OR	10	8	80.000000	8	0	2	0	0	0	0	0	0	0	0
tramp3d-v4	G_SREM	10	0	0.000000	0	0	0	0	0	0	10	0	0	0	0
tramp3d-v4	G_TRAP	10	10	100.000000	10	0	0	0	0	0	0	0	0	0	0
tramp3d-v4	G_FABS	6	6	100.000000	6	0	0	0	0	0	0	0	0	0	0
tramp3d-v4	G_UMULH	4	4	100.000000	4	0	0	0	0	0	0	0	0	0	0
tramp3d-v4	G_UMULO	4	0	0.000000	0	0	0	0	0	0	4	0	0	0	0
tramp3d-v4	G_BITCAST	2	2	100.000000	2	0	0	0	0	0	0	0	0	0	0
tramp3d-v4	G_FPTOSI	2	2	100.000000	2	0	0	0	0	0	0	0	0	0	0
tramp3d-v4	G_IS_FPCLASS	2	0	0.000000	0	0	0	0	0	0	2	0	0	0	0
tramp3d-v4	G_CTLZ	1	1	100.000000	1	0	0	0	0	0	0	0	0	0	0
tramp3d-v4	G_MEMCPY	1	0	0.000000	0	0	0	0	0	0	0	1	0	0	0
tramp3d-v4	G_MEMSET	1	0	0.000000	0	0	0	0	0	0	0	1	0	0	0
tramp3d-v4	G_VASTART	1	1	100.000000	1	0	0	0	0	0	0	0	0	0	0
