stage	workload	opcode	count	share
prelegalizer	TOTAL	G_LOAD	493462	0.202320
prelegalizer	TOTAL	G_FRAME_INDEX	431287	0.176828
prelegalizer	TOTAL	G_CONSTANT	373340	0.153070
prelegalizer	TOTAL	G_STORE	274581	0.112579
prelegalizer	TOTAL	G_BR	204751	0.083948
prelegalizer	TOTAL	G_PTR_ADD	202566	0.083052
prelegalizer	TOTAL	G_GLOBAL_VALUE	85529	0.035067
prelegalizer	TOTAL	G_BRCOND	76087	0.031196
prelegalizer	TOTAL	G_ICMP	75599	0.030996
prelegalizer	TOTAL	G_SHL	32764	0.013433
prelegalizer	TOTAL	G_ADD	32025	0.013130
prelegalizer	TOTAL	G_SEXTLOAD	29931	0.012272
prelegalizer	TOTAL	G_ZEXTLOAD	20961	0.008594
prelegalizer	TOTAL	G_INVOKE_REGION_START	12072	0.004950
prelegalizer	TOTAL	G_TRUNC	10523	0.004314
prelegalizer	TOTAL	G_ZEXT	7891	0.003235
prelegalizer	TOTAL	G_AND	6974	0.002859
prelegalizer	TOTAL	G_FCONSTANT	6310	0.002587
prelegalizer	TOTAL	G_SUB	6278	0.002574
prelegalizer	TOTAL	G_MUL	6152	0.002522
prelegalizer	TOTAL	G_PHI	6108	0.002504
prelegalizer	TOTAL	G_SEXT	5925	0.002429
prelegalizer	TOTAL	G_PTRTOINT	5531	0.002268
prelegalizer	TOTAL	G_OR	3665	0.001503
prelegalizer	TOTAL	G_ANYEXT	3404	0.001396
prelegalizer	TOTAL	G_FMUL	3236	0.001327
prelegalizer	TOTAL	G_LSHR	2676	0.001097
prelegalizer	TOTAL	G_FCMP	1827	0.000749
prelegalizer	TOTAL	G_FADD	1772	0.000727
prelegalizer	TOTAL	G_FMA	1582	0.000649
prelegalizer	TOTAL	G_ASHR	1502	0.000616
prelegalizer	TOTAL	G_FSUB	1221	0.000501
prelegalizer	TOTAL	G_SDIV	1173	0.000481
prelegalizer	TOTAL	G_SITOFP	1170	0.000480
prelegalizer	TOTAL	G_XOR	1154	0.000473
prelegalizer	TOTAL	G_FDIV	1020	0.000418
prelegalizer	TOTAL	G_SELECT	999	0.000410
prelegalizer	TOTAL	G_FNEG	900	0.000369
prelegalizer	TOTAL	G_INTTOPTR	879	0.000360
prelegalizer	TOTAL	G_FPEXT	775	0.000318
prelegalizer	TOTAL	G_MEMCPY	575	0.000236
prelegalizer	TOTAL	G_TRAP	432	0.000177
prelegalizer	TOTAL	G_FPTOSI	366	0.000150
prelegalizer	TOTAL	G_UDIV	345	0.000141
prelegalizer	TOTAL	G_UREM	310	0.000127
prelegalizer	TOTAL	G_SREM	304	0.000125
prelegalizer	TOTAL	G_FPTRUNC	295	0.000121
prelegalizer	TOTAL	G_MEMSET	213	0.000087
prelegalizer	TOTAL	G_MEMMOVE	107	0.000044
prelegalizer	TOTAL	G_UMULO	84	0.000034
prelegalizer	TOTAL	G_BRJT	75	0.000031
prelegalizer	TOTAL	G_JUMP_TABLE	75	0.000031
prelegalizer	TOTAL	G_FABS	55	0.000023
prelegalizer	TOTAL	G_UITOFP	53	0.000022
prelegalizer	TOTAL	G_FPTOUI	34	0.000014
prelegalizer	TOTAL	G_FFLOOR	26	0.000011
prelegalizer	TOTAL	G_VASTART	24	0.000010
prelegalizer	TOTAL	G_BUILD_VECTOR	17	0.000007
prelegalizer	TOTAL	G_UADDO	7	0.000003
prelegalizer	TOTAL	G_DYN_STACKALLOC	5	0.000002
prelegalizer	TOTAL	G_FCEIL	2	0.000001
prelegalizer	TOTAL	G_IS_FPCLASS	2	0.000001
prelegalizer	TOTAL	G_STACKRESTORE	2	0.000001
prelegalizer	TOTAL	G_STACKSAVE	2	0.000001
prelegalizer	TOTAL	G_ABS	1	0.000000
prelegalizer	TOTAL	G_CTLZ	1	0.000000
prelegalizer	7zip	G_FRAME_INDEX	76636	0.197747
prelegalizer	7zip	G_LOAD	64808	0.167227
prelegalizer	7zip	G_CONSTANT	64791	0.167183
prelegalizer	7zip	G_STORE	48982	0.126390
prelegalizer	7zip	G_BR	38529	0.099418
prelegalizer	7zip	G_PTR_ADD	30332	0.078267
prelegalizer	7zip	G_ICMP	11721	0.030244
prelegalizer	7zip	G_BRCOND	11521	0.029728
prelegalizer	7zip	G_INVOKE_REGION_START	7023	0.018122
prelegalizer	7zip	G_ADD	5738	0.014806
prelegalizer	7zip	G_ZEXTLOAD	4358	0.011245
prelegalizer	7zip	G_GLOBAL_VALUE	3581	0.009240
prelegalizer	7zip	G_SHL	3567	0.009204
prelegalizer	7zip	G_TRUNC	2472	0.006379
prelegalizer	7zip	G_PTRTOINT	2448	0.006317
prelegalizer	7zip	G_ZEXT	2058	0.005310
prelegalizer	7zip	G_SEXTLOAD	1677	0.004327
prelegalizer	7zip	G_SUB	1176	0.003034
prelegalizer	7zip	G_ANYEXT	974	0.002513
prelegalizer	7zip	G_OR	797	0.002057
prelegalizer	7zip	G_LSHR	655	0.001690
prelegalizer	7zip	G_AND	618	0.001595
prelegalizer	7zip	G_SEXT	546	0.001409
prelegalizer	7zip	G_PHI	509	0.001313
prelegalizer	7zip	G_XOR	438	0.001130
prelegalizer	7zip	G_MUL	427	0.001102
prelegalizer	7zip	G_TRAP	282	0.000728
prelegalizer	7zip	G_SELECT	279	0.000720
prelegalizer	7zip	G_SDIV	123	0.000317
prelegalizer	7zip	G_UDIV	103	0.000266
prelegalizer	7zip	G_ASHR	100	0.000258
prelegalizer	7zip	G_MEMCPY	83	0.000214
prelegalizer	7zip	G_UMULO	68	0.000175
prelegalizer	7zip	G_MEMMOVE	49	0.000126
prelegalizer	7zip	G_MEMSET	24	0.000062
prelegalizer	7zip	G_SREM	16	0.000041
prelegalizer	7zip	G_UREM	11	0.000028
prelegalizer	7zip	G_UADDO	7	0.000018
prelegalizer	7zip	G_INTTOPTR	5	0.000013
prelegalizer	7zip	G_BRJT	4	0.000010
prelegalizer	7zip	G_JUMP_TABLE	4	0.000010
prelegalizer	7zip	G_BUILD_VECTOR	2	0.000005
prelegalizer	7zip	G_DYN_STACKALLOC	1	0.000003
prelegalizer	7zip	G_STACKRESTORE	1	0.000003
prelegalizer	7zip	G_STACKSAVE	1	0.000003
prelegalizer	Bullet	G_FRAME_INDEX	65890	0.202200
prelegalizer	Bullet	G_LOAD	63643	0.195305
prelegalizer	Bullet	G_STORE	53382	0.163816
prelegalizer	Bullet	G_CONSTANT	43257	0.132745
prelegalizer	Bullet	G_PTR_ADD	38292	0.117509
prelegalizer	Bullet	G_BR	20106	0.061700
prelegalizer	Bullet	G_BRCOND	5728	0.017578
prelegalizer	Bullet	G_ICMP	4534	0.013914
prelegalizer	Bullet	G_INVOKE_REGION_START	4235	0.012996
prelegalizer	Bullet	G_FCONSTANT	3977	0.012204
prelegalizer	Bullet	G_SHL	2608	0.008003
prelegalizer	Bullet	G_SEXTLOAD	2305	0.007073
prelegalizer	Bullet	G_FMUL	2298	0.007052
prelegalizer	Bullet	G_ADD	2243	0.006883
prelegalizer	Bullet	G_FCMP	1326	0.004069
prelegalizer	Bullet	G_FMA	1159	0.003557
prelegalizer	Bullet	G_PTRTOINT	1008	0.003093
prelegalizer	Bullet	G_FADD	977	0.002998
prelegalizer	Bullet	G_GLOBAL_VALUE	968	0.002971
prelegalizer	Bullet	G_ZEXT	871	0.002673
prelegalizer	Bullet	G_TRUNC	826	0.002535
prelegalizer	Bullet	G_FSUB	818	0.002510
prelegalizer	Bullet	G_FNEG	806	0.002473
prelegalizer	Bullet	G_PHI	792	0.002430
prelegalizer	Bullet	G_MUL	565	0.001734
prelegalizer	Bullet	G_FDIV	510	0.001565
prelegalizer	Bullet	G_ANYEXT	456	0.001399
prelegalizer	Bullet	G_ZEXTLOAD	403	0.001237
prelegalizer	Bullet	G_SEXT	355	0.001089
prelegalizer	Bullet	G_AND	343	0.001053
prelegalizer	Bullet	G_SITOFP	145	0.000445
prelegalizer	Bullet	G_SUB	144	0.000442
prelegalizer	Bullet	G_OR	113	0.000347
prelegalizer	Bullet	G_SELECT	95	0.000292
prelegalizer	Bullet	G_MEMCPY	84	0.000258
prelegalizer	Bullet	G_SDIV	83	0.000255
prelegalizer	Bullet	G_FPEXT	70	0.000215
prelegalizer	Bullet	G_SREM	69	0.000212
prelegalizer	Bullet	G_TRAP	59	0.000181
prelegalizer	Bullet	G_FABS	42	0.000129
prelegalizer	Bullet	G_FPTRUNC	42	0.000129
prelegalizer	Bullet	G_LSHR	39	0.000120
prelegalizer	Bullet	G_XOR	35	0.000107
prelegalizer	Bullet	G_ASHR	30	0.000092
prelegalizer	Bullet	G_FPTOUI	27	0.000083
prelegalizer	Bullet	G_MEMSET	27	0.000083
prelegalizer	Bullet	G_UITOFP	26	0.000080
prelegalizer	Bullet	G_FPTOSI	16	0.000049
prelegalizer	Bullet	G_INTTOPTR	10	0.000031
prelegalizer	Bullet	G_UMULO	10	0.000031
prelegalizer	Bullet	G_UDIV	8	0.000025
prelegalizer	Bullet	G_UREM	5	0.000015
prelegalizer	Bullet	G_BRJT	2	0.000006
prelegalizer	Bullet	G_JUMP_TABLE	2	0.000006
prelegalizer	Bullet	G_BUILD_VECTOR	1	0.000003
prelegalizer	ClamAV	G_LOAD	49013	0.188843
prelegalizer	ClamAV	G_FRAME_INDEX	45902	0.176857
prelegalizer	ClamAV	G_CONSTANT	45232	0.174276
prelegalizer	ClamAV	G_BR	25264	0.097340
prelegalizer	ClamAV	G_STORE	20984	0.080850
prelegalizer	ClamAV	G_PTR_ADD	18854	0.072643
prelegalizer	ClamAV	G_ICMP	11659	0.044921
prelegalizer	ClamAV	G_BRCOND	11504	0.044324
prelegalizer	ClamAV	G_GLOBAL_VALUE	6760	0.026046
prelegalizer	ClamAV	G_ZEXTLOAD	5614	0.021630
prelegalizer	ClamAV	G_ADD	4640	0.017878
prelegalizer	ClamAV	G_SHL	2583	0.009952
prelegalizer	ClamAV	G_TRUNC	1673	0.006446
prelegalizer	ClamAV	G_AND	1396	0.005379
prelegalizer	ClamAV	G_SUB	1204	0.004639
prelegalizer	ClamAV	G_SEXTLOAD	1182	0.004554
prelegalizer	ClamAV	G_OR	865	0.003333
prelegalizer	ClamAV	G_MUL	796	0.003067
prelegalizer	ClamAV	G_ZEXT	788	0.003036
prelegalizer	ClamAV	G_LSHR	742	0.002859
prelegalizer	ClamAV	G_SEXT	574	0.002212
prelegalizer	ClamAV	G_XOR	574	0.002212
prelegalizer	ClamAV	G_PHI	466	0.001795
prelegalizer	ClamAV	G_PTRTOINT	300	0.001156
prelegalizer	ClamAV	G_ANYEXT	194	0.000747
prelegalizer	ClamAV	G_ASHR	187	0.000720
prelegalizer	ClamAV	G_SELECT	111	0.000428
prelegalizer	ClamAV	G_MEMCPY	106	0.000408
prelegalizer	ClamAV	G_UDIV	96	0.000370
prelegalizer	ClamAV	G_UREM	73	0.000281
prelegalizer	ClamAV	G_MEMSET	46	0.000177
prelegalizer	ClamAV	G_SDIV	40	0.000154
prelegalizer	ClamAV	G_SREM	26	0.000100
prelegalizer	ClamAV	G_INTTOPTR	20	0.000077
prelegalizer	ClamAV	G_MEMMOVE	17	0.000065
prelegalizer	ClamAV	G_BRJT	15	0.000058
prelegalizer	ClamAV	G_JUMP_TABLE	15	0.000058
prelegalizer	ClamAV	G_VASTART	9	0.000035
prelegalizer	ClamAV	G_BUILD_VECTOR	6	0.000023
prelegalizer	ClamAV	G_FCONSTANT	5	0.000019
prelegalizer	ClamAV	G_FDIV	1	0.000004
prelegalizer	ClamAV	G_FMUL	1	0.000004
prelegalizer	ClamAV	G_FPTOSI	1	0.000004
prelegalizer	ClamAV	G_FPTOUI	1	0.000004
prelegalizer	ClamAV	G_FSUB	1	0.000004
prelegalizer	ClamAV	G_STACKRESTORE	1	0.000004
prelegalizer	ClamAV	G_STACKSAVE	1	0.000004
prelegalizer	ClamAV	G_UITOFP	1	0.000004
prelegalizer	consumer-typeset	G_LOAD	62308	0.205398
prelegalizer	consumer-typeset	G_CONSTANT	53728	0.177114
prelegalizer	consumer-typeset	G_PTR_ADD	33940	0.111883
prelegalizer	consumer-typeset	G_STORE	27707	0.091336
prelegalizer	consumer-typeset	G_GLOBAL_VALUE	27645	0.091131
prelegalizer	consumer-typeset	G_BR	26373	0.086938
prelegalizer	consumer-typeset	G_FRAME_INDEX	24832	0.081858
prelegalizer	consumer-typeset	G_ICMP	10344	0.034099
prelegalizer	consumer-typeset	G_BRCOND	10148	0.033453
prelegalizer	consumer-typeset	G_ZEXTLOAD	4941	0.016288
prelegalizer	consumer-typeset	G_SHL	4304	0.014188
prelegalizer	consumer-typeset	G_SEXTLOAD	3839	0.012655
prelegalizer	consumer-typeset	G_AND	3603	0.011877
prelegalizer	consumer-typeset	G_OR	1420	0.004681
prelegalizer	consumer-typeset	G_ADD	1331	0.004388
prelegalizer	consumer-typeset	G_ZEXT	1164	0.003837
prelegalizer	consumer-typeset	G_LSHR	1124	0.003705
prelegalizer	consumer-typeset	G_PHI	1040	0.003428
prelegalizer	consumer-typeset	G_TRUNC	905	0.002983
prelegalizer	consumer-typeset	G_SEXT	785	0.002588
prelegalizer	consumer-typeset	G_SUB	349	0.001150
prelegalizer	consumer-typeset	G_MUL	335	0.001104
prelegalizer	consumer-typeset	G_ANYEXT	215	0.000709
prelegalizer	consumer-typeset	G_FCONSTANT	148	0.000488
prelegalizer	consumer-typeset	G_SITOFP	116	0.000382
prelegalizer	consumer-typeset	G_SDIV	95	0.000313
prelegalizer	consumer-typeset	G_FPEXT	79	0.000260
prelegalizer	consumer-typeset	G_SELECT	69	0.000227
prelegalizer	consumer-typeset	G_FPTOSI	68	0.000224
prelegalizer	consumer-typeset	G_PTRTOINT	67	0.000221
prelegalizer	consumer-typeset	G_FDIV	54	0.000178
prelegalizer	consumer-typeset	G_FMUL	52	0.000171
prelegalizer	consumer-typeset	G_FCMP	40	0.000132
prelegalizer	consumer-typeset	G_SREM	35	0.000115
prelegalizer	consumer-typeset	G_BRJT	21	0.000069
prelegalizer	consumer-typeset	G_JUMP_TABLE	21	0.000069
prelegalizer	consumer-typeset	G_FPTRUNC	16	0.000053
prelegalizer	consumer-typeset	G_FNEG	15	0.000049
prelegalizer	consumer-typeset	G_UDIV	15	0.000049
prelegalizer	consumer-typeset	G_UREM	11	0.000036
prelegalizer	consumer-typeset	G_FADD	10	0.000033
prelegalizer	consumer-typeset	G_FSUB	10	0.000033
prelegalizer	consumer-typeset	G_FMA	9	0.000030
prelegalizer	consumer-typeset	G_XOR	7	0.000023
prelegalizer	consumer-typeset	G_MEMCPY	6	0.000020
prelegalizer	consumer-typeset	G_FABS	3	0.000010
prelegalizer	consumer-typeset	G_ASHR	2	0.000007
prelegalizer	consumer-typeset	G_FFLOOR	1	0.000003
prelegalizer	consumer-typeset	G_INTTOPTR	1	0.000003
prelegalizer	consumer-typeset	G_MEMSET	1	0.000003
prelegalizer	consumer-typeset	G_VASTART	1	0.000003
prelegalizer	kimwitu++	G_LOAD	51146	0.250083
prelegalizer	kimwitu++	G_FRAME_INDEX	38993	0.190660
prelegalizer	kimwitu++	G_CONSTANT	26977	0.131907
prelegalizer	kimwitu++	G_STORE	24023	0.117463
prelegalizer	kimwitu++	G_BR	18137	0.088683
prelegalizer	kimwitu++	G_GLOBAL_VALUE	13755	0.067256
prelegalizer	kimwitu++	G_PTR_ADD	12241	0.059854
prelegalizer	kimwitu++	G_BRCOND	6464	0.031606
prelegalizer	kimwitu++	G_ICMP	6327	0.030936
prelegalizer	kimwitu++	G_PHI	1180	0.005770
prelegalizer	kimwitu++	G_PTRTOINT	817	0.003995
prelegalizer	kimwitu++	G_INVOKE_REGION_START	814	0.003980
prelegalizer	kimwitu++	G_TRUNC	563	0.002753
prelegalizer	kimwitu++	G_ZEXT	515	0.002518
prelegalizer	kimwitu++	G_SHL	490	0.002396
prelegalizer	kimwitu++	G_ADD	462	0.002259
prelegalizer	kimwitu++	G_ANYEXT	307	0.001501
prelegalizer	kimwitu++	G_ZEXTLOAD	280	0.001369
prelegalizer	kimwitu++	G_SUB	213	0.001041
prelegalizer	kimwitu++	G_SEXTLOAD	155	0.000758
prelegalizer	kimwitu++	G_SEXT	109	0.000533
prelegalizer	kimwitu++	G_SDIV	103	0.000504
prelegalizer	kimwitu++	G_MUL	82	0.000401
prelegalizer	kimwitu++	G_TRAP	81	0.000396
prelegalizer	kimwitu++	G_SELECT	63	0.000308
prelegalizer	kimwitu++	G_INTTOPTR	61	0.000298
prelegalizer	kimwitu++	G_UDIV	50	0.000244
prelegalizer	kimwitu++	G_MEMMOVE	27	0.000132
prelegalizer	kimwitu++	G_BRJT	14	0.000068
prelegalizer	kimwitu++	G_JUMP_TABLE	14	0.000068
prelegalizer	kimwitu++	G_MEMSET	14	0.000068
prelegalizer	kimwitu++	G_UREM	13	0.000064
prelegalizer	kimwitu++	G_XOR	9	0.000044
prelegalizer	kimwitu++	G_SREM	8	0.000039
prelegalizer	kimwitu++	G_AND	4	0.000020
prelegalizer	kimwitu++	G_UMULO	2	0.000010
prelegalizer	kimwitu++	G_ASHR	1	0.000005
prelegalizer	kimwitu++	G_FCMP	1	0.000005
prelegalizer	kimwitu++	G_OR	1	0.000005
prelegalizer	lencod	G_LOAD	63264	0.201667
prelegalizer	lencod	G_CONSTANT	54524	0.173806
prelegalizer	lencod	G_FRAME_INDEX	36514	0.116396
prelegalizer	lencod	G_PTR_ADD	35197	0.112197
prelegalizer	lencod	G_BR	21613	0.068896
prelegalizer	lencod	G_STORE	20904	0.066636
prelegalizer	lencod	G_GLOBAL_VALUE	15011	0.047851
prelegalizer	lencod	G_SEXTLOAD	12614	0.040210
prelegalizer	lencod	G_SHL	12262	0.039088
prelegalizer	lencod	G_ICMP	9255	0.029502
prelegalizer	lencod	G_BRCOND	8882	0.028313
prelegalizer	lencod	G_ADD	8362	0.026656
prelegalizer	lencod	G_MUL	2260	0.007204
prelegalizer	lencod	G_SUB	2006	0.006395
prelegalizer	lencod	G_SEXT	1992	0.006350
prelegalizer	lencod	G_ZEXTLOAD	1759	0.005607
prelegalizer	lencod	G_TRUNC	1190	0.003793
prelegalizer	lencod	G_ASHR	1134	0.003615
prelegalizer	lencod	G_PHI	946	0.003016
prelegalizer	lencod	G_FCONSTANT	488	0.001556
prelegalizer	lencod	G_SDIV	432	0.001377
prelegalizer	lencod	G_SITOFP	402	0.001281
prelegalizer	lencod	G_ZEXT	329	0.001049
prelegalizer	lencod	G_AND	297	0.000947
prelegalizer	lencod	G_FDIV	212	0.000676
prelegalizer	lencod	G_SELECT	207	0.000660
prelegalizer	lencod	G_FMUL	202	0.000644
prelegalizer	lencod	G_MEMCPY	190	0.000606
prelegalizer	lencod	G_FPEXT	174	0.000555
prelegalizer	lencod	G_ANYEXT	143	0.000456
prelegalizer	lencod	G_OR	141	0.000449
prelegalizer	lencod	G_FADD	131	0.000418
prelegalizer	lencod	G_FPTOSI	120	0.000383
prelegalizer	lencod	G_SREM	110	0.000351
prelegalizer	lencod	G_FMA	83	0.000265
prelegalizer	lencod	G_FCMP	80	0.000255
prelegalizer	lencod	G_MEMSET	43	0.000137
prelegalizer	lencod	G_XOR	42	0.000134
prelegalizer	lencod	G_FSUB	30	0.000096
prelegalizer	lencod	G_FFLOOR	25	0.000080
prelegalizer	lencod	G_UITOFP	24	0.000077
prelegalizer	lencod	G_UDIV	22	0.000070
prelegalizer	lencod	G_UREM	21	0.000067
prelegalizer	lencod	G_FPTRUNC	18	0.000057
prelegalizer	lencod	G_FNEG	16	0.000051
prelegalizer	lencod	G_LSHR	15	0.000048
prelegalizer	lencod	G_BUILD_VECTOR	7	0.000022
prelegalizer	lencod	G_FABS	4	0.000013
prelegalizer	lencod	G_FPTOUI	3	0.000010
prelegalizer	lencod	G_BRJT	2	0.000006
prelegalizer	lencod	G_FCEIL	2	0.000006
prelegalizer	lencod	G_JUMP_TABLE	2	0.000006
prelegalizer	mafft	G_LOAD	30629	0.196934
prelegalizer	mafft	G_FRAME_INDEX	28235	0.181542
prelegalizer	mafft	G_CONSTANT	20457	0.131532
prelegalizer	mafft	G_STORE	14840	0.095416
prelegalizer	mafft	G_BR	12868	0.082737
prelegalizer	mafft	G_PTR_ADD	8807	0.056626
prelegalizer	mafft	G_GLOBAL_VALUE	8358	0.053739
prelegalizer	mafft	G_SEXTLOAD	5179	0.033299
prelegalizer	mafft	G_SHL	4982	0.032033
prelegalizer	mafft	G_BRCOND	4531	0.029133
prelegalizer	mafft	G_ICMP	4427	0.028464
prelegalizer	mafft	G_ADD	4399	0.028284
prelegalizer	mafft	G_FCONSTANT	1291	0.008301
prelegalizer	mafft	G_SEXT	808	0.005195
prelegalizer	mafft	G_ZEXTLOAD	733	0.004713
prelegalizer	mafft	G_FADD	576	0.003703
prelegalizer	mafft	G_MUL	546	0.003511
prelegalizer	mafft	G_FMUL	455	0.002925
prelegalizer	mafft	G_FPEXT	449	0.002887
prelegalizer	mafft	G_SITOFP	435	0.002797
prelegalizer	mafft	G_SUB	395	0.002540
prelegalizer	mafft	G_FCMP	304	0.001955
prelegalizer	mafft	G_TRUNC	263	0.001691
prelegalizer	mafft	G_FMA	223	0.001434
prelegalizer	mafft	G_FSUB	219	0.001408
prelegalizer	mafft	G_FPTRUNC	218	0.001402
prelegalizer	mafft	G_PHI	215	0.001382
prelegalizer	mafft	G_ZEXT	205	0.001318
prelegalizer	mafft	G_FDIV	153	0.000984
prelegalizer	mafft	G_FPTOSI	125	0.000804
prelegalizer	mafft	G_PTRTOINT	86	0.000553
prelegalizer	mafft	G_FNEG	37	0.000238
prelegalizer	mafft	G_SDIV	29	0.000186
prelegalizer	mafft	G_AND	17	0.000109
prelegalizer	mafft	G_SREM	14	0.000090
prelegalizer	mafft	G_MEMCPY	9	0.000058
prelegalizer	mafft	G_SELECT	4	0.000026
prelegalizer	mafft	G_XOR	3	0.000019
prelegalizer	mafft	G_BRJT	2	0.000013
prelegalizer	mafft	G_JUMP_TABLE	2	0.000013
prelegalizer	mafft	G_ASHR	1	0.000006
prelegalizer	SPASS	G_FRAME_INDEX	38778	0.234481
prelegalizer	SPASS	G_LOAD	37605	0.227388
prelegalizer	SPASS	G_STORE	19393	0.117265
prelegalizer	SPASS	G_CONSTANT	19300	0.116702
prelegalizer	SPASS	G_BR	18717	0.113177
prelegalizer	SPASS	G_ICMP	8040	0.048616
prelegalizer	SPASS	G_BRCOND	7523	0.045490
prelegalizer	SPASS	G_GLOBAL_VALUE	6223	0.037629
prelegalizer	SPASS	G_PTR_ADD	3480	0.021043
prelegalizer	SPASS	G_ADD	1644	0.009941
prelegalizer	SPASS	G_SHL	764	0.004620
prelegalizer	SPASS	G_ZEXT	650	0.003930
prelegalizer	SPASS	G_SEXTLOAD	635	0.003840
prelegalizer	SPASS	G_ZEXTLOAD	540	0.003265
prelegalizer	SPASS	G_PHI	465	0.002812
prelegalizer	SPASS	G_SUB	299	0.001808
prelegalizer	SPASS	G_INTTOPTR	227	0.001373
prelegalizer	SPASS	G_TRUNC	211	0.001276
prelegalizer	SPASS	G_PTRTOINT	206	0.001246
prelegalizer	SPASS	G_SEXT	174	0.001052
prelegalizer	SPASS	G_UREM	166	0.001004
prelegalizer	SPASS	G_MUL	88	0.000532
prelegalizer	SPASS	G_AND	60	0.000363
prelegalizer	SPASS	G_ANYEXT	49	0.000296
prelegalizer	SPASS	G_OR	29	0.000175
prelegalizer	SPASS	G_SELECT	28	0.000169
prelegalizer	SPASS	G_ASHR	20	0.000121
prelegalizer	SPASS	G_UDIV	11	0.000067
prelegalizer	SPASS	G_SDIV	8	0.000048
prelegalizer	SPASS	G_SITOFP	8	0.000048
prelegalizer	SPASS	G_FCMP	6	0.000036
prelegalizer	SPASS	G_BRJT	5	0.000030
prelegalizer	SPASS	G_JUMP_TABLE	5	0.000030
prelegalizer	SPASS	G_DYN_STACKALLOC	4	0.000024
prelegalizer	SPASS	G_MEMCPY	4	0.000024
prelegalizer	SPASS	G_XOR	3	0.000018
prelegalizer	SPASS	G_FCONSTANT	2	0.000012
prelegalizer	SPASS	G_FPTOUI	2	0.000012
prelegalizer	SPASS	G_SREM	2	0.000012
prelegalizer	SPASS	G_VASTART	2	0.000012
prelegalizer	SPASS	G_ABS	1	0.000006
prelegalizer	SPASS	G_MEMSET	1	0.000006
prelegalizer	sqlite3	G_LOAD	35121	0.209639
prelegalizer	sqlite3	G_FRAME_INDEX	31998	0.190997
prelegalizer	sqlite3	G_CONSTANT	30215	0.180355
prelegalizer	sqlite3	G_BR	15505	0.092550
prelegalizer	sqlite3	G_STORE	14617	0.087250
prelegalizer	sqlite3	G_PTR_ADD	12720	0.075926
prelegalizer	sqlite3	G_ICMP	7049	0.042076
prelegalizer	sqlite3	G_BRCOND	6803	0.040607
prelegalizer	sqlite3	G_ADD	2191	0.013078
prelegalizer	sqlite3	G_GLOBAL_VALUE	2049	0.012231
prelegalizer	sqlite3	G_ZEXTLOAD	2012	0.012010
prelegalizer	sqlite3	G_SEXTLOAD	1667	0.009950
prelegalizer	sqlite3	G_TRUNC	852	0.005086
prelegalizer	sqlite3	G_SHL	743	0.004435
prelegalizer	sqlite3	G_MUL	614	0.003665
prelegalizer	sqlite3	G_AND	605	0.003611
prelegalizer	sqlite3	G_SEXT	472	0.002817
prelegalizer	sqlite3	G_PHI	327	0.001952
prelegalizer	sqlite3	G_OR	295	0.001761
prelegalizer	sqlite3	G_SUB	211	0.001259
prelegalizer	sqlite3	G_ZEXT	208	0.001242
prelegalizer	sqlite3	G_FCONSTANT	176	0.001051
prelegalizer	sqlite3	G_ANYEXT	154	0.000919
prelegalizer	sqlite3	G_SELECT	130	0.000776
prelegalizer	sqlite3	G_LSHR	101	0.000603
prelegalizer	sqlite3	G_MEMCPY	92	0.000549
prelegalizer	sqlite3	G_SDIV	67	0.000400
prelegalizer	sqlite3	G_PTRTOINT	66	0.000394
prelegalizer	sqlite3	G_MEMSET	56	0.000334
prelegalizer	sqlite3	G_SITOFP	48	0.000287
prelegalizer	sqlite3	G_INTTOPTR	40	0.000239
prelegalizer	sqlite3	G_FMUL	38	0.000227
prelegalizer	sqlite3	G_FPTOSI	34	0.000203
prelegalizer	sqlite3	G_FADD	33	0.000197
prelegalizer	sqlite3	G_FCMP	31	0.000185
prelegalizer	sqlite3	G_XOR	28	0.000167
prelegalizer	sqlite3	G_ASHR	27	0.000161
prelegalizer	sqlite3	G_FDIV	21	0.000125
prelegalizer	sqlite3	G_FSUB	20	0.000119
prelegalizer	sqlite3	G_UDIV	15	0.000090
prelegalizer	sqlite3	G_SREM	14	0.000084
prelegalizer	sqlite3	G_VASTART	11	0.000066
prelegalizer	sqlite3	G_BRJT	10	0.000060
prelegalizer	sqlite3	G_JUMP_TABLE	10	0.000060
prelegalizer	sqlite3	G_UREM	10	0.000060
prelegalizer	sqlite3	G_FMA	9	0.000054
prelegalizer	sqlite3	G_FNEG	6	0.000036
prelegalizer	sqlite3	G_FPEXT	3	0.000018
prelegalizer	sqlite3	G_MEMMOVE	2	0.000012
prelegalizer	sqlite3	G_UITOFP	2	0.000012
prelegalizer	sqlite3	G_BUILD_VECTOR	1	0.000006
prelegalizer	sqlite3	G_FPTOUI	1	0.000006
prelegalizer	sqlite3	G_FPTRUNC	1	0.000006
prelegalizer	tramp3d-v4	G_FRAME_INDEX	43509	0.278818
prelegalizer	tramp3d-v4	G_LOAD	35925	0.230218
prelegalizer	tramp3d-v4	G_STORE	29749	0.190640
prelegalizer	tramp3d-v4	G_CONSTANT	14859	0.095221
prelegalizer	tramp3d-v4	G_PTR_ADD	8703	0.055771
prelegalizer	tramp3d-v4	G_BR	7639	0.048953
prelegalizer	tramp3d-v4	G_BRCOND	2983	0.019116
prelegalizer	tramp3d-v4	G_ICMP	2243	0.014374
prelegalizer	tramp3d-v4	G_TRUNC	1568	0.010048
prelegalizer	tramp3d-v4	G_GLOBAL_VALUE	1179	0.007555
prelegalizer	tramp3d-v4	G_ZEXT	1103	0.007068
prelegalizer	tramp3d-v4	G_ADD	1015	0.006504
prelegalizer	tramp3d-v4	G_ANYEXT	912	0.005844
prelegalizer	tramp3d-v4	G_SEXTLOAD	678	0.004345
prelegalizer	tramp3d-v4	G_PTRTOINT	533	0.003416
prelegalizer	tramp3d-v4	G_INTTOPTR	515	0.003300
prelegalizer	tramp3d-v4	G_SHL	461	0.002954
prelegalizer	tramp3d-v4	G_MUL	439	0.002813
prelegalizer	tramp3d-v4	G_ZEXTLOAD	321	0.002057
prelegalizer	tramp3d-v4	G_SUB	281	0.001801
prelegalizer	tramp3d-v4	G_FCONSTANT	223	0.001429
prelegalizer	tramp3d-v4	G_SDIV	193	0.001237
prelegalizer	tramp3d-v4	G_FMUL	190	0.001218
prelegalizer	tramp3d-v4	G_PHI	168	0.001077
prelegalizer	tramp3d-v4	G_FSUB	123	0.000788
prelegalizer	tramp3d-v4	G_SEXT	110	0.000705
prelegalizer	tramp3d-v4	G_FMA	99	0.000634
prelegalizer	tramp3d-v4	G_FDIV	69	0.000442
prelegalizer	tramp3d-v4	G_FADD	45	0.000288
prelegalizer	tramp3d-v4	G_FCMP	39	0.000250
prelegalizer	tramp3d-v4	G_AND	31	0.000199
prelegalizer	tramp3d-v4	G_UDIV	25	0.000160
prelegalizer	tramp3d-v4	G_FNEG	20	0.000128
prelegalizer	tramp3d-v4	G_SITOFP	16	0.000103
prelegalizer	tramp3d-v4	G_XOR	15	0.000096
prelegalizer	tramp3d-v4	G_SELECT	13	0.000083
prelegalizer	tramp3d-v4	G_MEMMOVE	12	0.000077
prelegalizer	tramp3d-v4	G_SREM	10	0.000064
prelegalizer	tramp3d-v4	G_TRAP	10	0.000064
prelegalizer	tramp3d-v4	G_FABS	6	0.000038
prelegalizer	tramp3d-v4	G_OR	4	0.000026
prelegalizer	tramp3d-v4	G_UMULO	4	0.000026
prelegalizer	tramp3d-v4	G_FPTOSI	2	0.000013
prelegalizer	tramp3d-v4	G_IS_FPCLASS	2	0.000013
prelegalizer	tramp3d-v4	G_CTLZ	1	0.000006
prelegalizer	tramp3d-v4	G_MEMCPY	1	0.000006
prelegalizer	tramp3d-v4	G_MEMSET	1	0.000006
prelegalizer	tramp3d-v4	G_VASTART	1	0.000006
preregbankselect	TOTAL	G_LOAD	493462	0.217956
preregbankselect	TOTAL	G_FRAME_INDEX	386893	0.170886
preregbankselect	TOTAL	G_CONSTANT	312678	0.138106
preregbankselect	TOTAL	G_STORE	274581	0.121279
preregbankselect	TOTAL	G_BR	204751	0.090436
preregbankselect	TOTAL	G_PTR_ADD	191068	0.084392
preregbankselect	TOTAL	G_BRCOND	76087	0.033607
preregbankselect	TOTAL	G_ICMP	75695	0.033433
preregbankselect	TOTAL	G_SHL	32764	0.014471
preregbankselect	TOTAL	G_ADD	32025	0.014145
preregbankselect	TOTAL	G_SEXTLOAD	29931	0.013220
preregbankselect	TOTAL	G_GLOBAL_VALUE	28596	0.012630
preregbankselect	TOTAL	G_ZEXTLOAD	20961	0.009258
preregbankselect	TOTAL	G_AND	15726	0.006946
preregbankselect	TOTAL	G_INVOKE_REGION_START	12072	0.005332
preregbankselect	TOTAL	G_SUB	6898	0.003047
preregbankselect	TOTAL	G_MUL	6850	0.003026
preregbankselect	TOTAL	G_PHI	6109	0.002698
preregbankselect	TOTAL	G_SEXT	5871	0.002593
preregbankselect	TOTAL	G_ZEXT	5754	0.002541
preregbankselect	TOTAL	G_PTRTOINT	5518	0.002437
preregbankselect	TOTAL	G_FCONSTANT	4803	0.002121
preregbankselect	TOTAL	G_OR	3667	0.001620
preregbankselect	TOTAL	G_ANYEXT	3463	0.001530
preregbankselect	TOTAL	G_TRUNC	3445	0.001522
preregbankselect	TOTAL	G_FMUL	3221	0.001423
preregbankselect	TOTAL	G_LSHR	2676	0.001182
preregbankselect	TOTAL	G_FCMP	1818	0.000803
preregbankselect	TOTAL	G_FADD	1768	0.000781
preregbankselect	TOTAL	G_FMA	1582	0.000699
preregbankselect	TOTAL	G_ASHR	1502	0.000663
preregbankselect	TOTAL	G_SDIV	1477	0.000652
preregbankselect	TOTAL	G_FSUB	1220	0.000539
preregbankselect	TOTAL	G_SITOFP	1167	0.000515
preregbankselect	TOTAL	G_XOR	1158	0.000511
preregbankselect	TOTAL	G_FDIV	1018	0.000450
preregbankselect	TOTAL	G_SELECT	1000	0.000442
preregbankselect	TOTAL	G_FNEG	898	0.000397
preregbankselect	TOTAL	G_INTTOPTR	858	0.000379
preregbankselect	TOTAL	G_FPEXT	772	0.000341
preregbankselect	TOTAL	G_UDIV	655	0.000289
preregbankselect	TOTAL	G_TRAP	432	0.000191
preregbankselect	TOTAL	G_FPTOSI	365	0.000161
preregbankselect	TOTAL	G_FPTRUNC	294	0.000130
preregbankselect	TOTAL	G_UMULH	84	0.000037
preregbankselect	TOTAL	G_BRJT	75	0.000033
preregbankselect	TOTAL	G_JUMP_TABLE	75	0.000033
preregbankselect	TOTAL	G_FABS	55	0.000024
preregbankselect	TOTAL	G_UITOFP	53	0.000023
preregbankselect	TOTAL	G_SEXT_INREG	40	0.000018
preregbankselect	TOTAL	G_FPTOUI	34	0.000015
preregbankselect	TOTAL	G_FFLOOR	26	0.000011
preregbankselect	TOTAL	G_VASTART	24	0.000011
preregbankselect	TOTAL	G_BUILD_VECTOR	10	0.000004
preregbankselect	TOTAL	G_UADDO	7	0.000003
preregbankselect	TOTAL	G_BITCAST	6	0.000003
preregbankselect	TOTAL	G_UNMERGE_VALUES	4	0.000002
preregbankselect	TOTAL	G_MERGE_VALUES	3	0.000001
preregbankselect	TOTAL	G_FCEIL	2	0.000001
preregbankselect	TOTAL	G_CTLZ	1	0.000000
preregbankselect	7zip	G_FRAME_INDEX	67836	0.186195
preregbankselect	7zip	G_LOAD	64808	0.177884
preregbankselect	7zip	G_CONSTANT	54151	0.148633
preregbankselect	7zip	G_STORE	48982	0.134445
preregbankselect	7zip	G_BR	38529	0.105754
preregbankselect	7zip	G_PTR_ADD	29235	0.080244
preregbankselect	7zip	G_ICMP	11789	0.032358
preregbankselect	7zip	G_BRCOND	11521	0.031623
preregbankselect	7zip	G_INVOKE_REGION_START	7023	0.019277
preregbankselect	7zip	G_ADD	5738	0.015750
preregbankselect	7zip	G_ZEXTLOAD	4358	0.011962
preregbankselect	7zip	G_SHL	3567	0.009791
preregbankselect	7zip	G_AND	3341	0.009170
preregbankselect	7zip	G_PTRTOINT	2449	0.006722
preregbankselect	7zip	G_ZEXT	1787	0.004905
preregbankselect	7zip	G_SEXTLOAD	1677	0.004603
preregbankselect	7zip	G_SUB	1204	0.003305
preregbankselect	7zip	G_OR	797	0.002188
preregbankselect	7zip	G_GLOBAL_VALUE	792	0.002174
preregbankselect	7zip	G_LSHR	655	0.001798
preregbankselect	7zip	G_TRUNC	627	0.001721
preregbankselect	7zip	G_SEXT	541	0.001485
preregbankselect	7zip	G_MUL	522	0.001433
preregbankselect	7zip	G_PHI	509	0.001397
preregbankselect	7zip	G_ANYEXT	447	0.001227
preregbankselect	7zip	G_XOR	438	0.001202
preregbankselect	7zip	G_TRAP	282	0.000774
preregbankselect	7zip	G_SELECT	279	0.000766
preregbankselect	7zip	G_SDIV	139	0.000382
preregbankselect	7zip	G_UDIV	114	0.000313
preregbankselect	7zip	G_ASHR	100	0.000274
preregbankselect	7zip	G_UMULH	68	0.000187
preregbankselect	7zip	G_UADDO	7	0.000019
preregbankselect	7zip	G_INTTOPTR	5	0.000014
preregbankselect	7zip	G_BRJT	4	0.000011
preregbankselect	7zip	G_JUMP_TABLE	4	0.000011
preregbankselect	7zip	G_BUILD_VECTOR	2	0.000005
preregbankselect	7zip	G_SEXT_INREG	1	0.000003
preregbankselect	Bullet	G_LOAD	63643	0.206348
preregbankselect	Bullet	G_FRAME_INDEX	56647	0.183665
preregbankselect	Bullet	G_STORE	53382	0.173079
preregbankselect	Bullet	G_CONSTANT	37516	0.121637
preregbankselect	Bullet	G_PTR_ADD	37152	0.120457
preregbankselect	Bullet	G_BR	20106	0.065189
preregbankselect	Bullet	G_BRCOND	5728	0.018572
preregbankselect	Bullet	G_ICMP	4544	0.014733
preregbankselect	Bullet	G_INVOKE_REGION_START	4235	0.013731
preregbankselect	Bullet	G_FCONSTANT	3097	0.010041
preregbankselect	Bullet	G_SHL	2608	0.008456
preregbankselect	Bullet	G_SEXTLOAD	2305	0.007473
preregbankselect	Bullet	G_FMUL	2298	0.007451
preregbankselect	Bullet	G_ADD	2243	0.007272
preregbankselect	Bullet	G_AND	1586	0.005142
preregbankselect	Bullet	G_FCMP	1326	0.004299
preregbankselect	Bullet	G_FMA	1159	0.003758
preregbankselect	Bullet	G_PTRTOINT	994	0.003223
preregbankselect	Bullet	G_FADD	977	0.003168
preregbankselect	Bullet	G_FSUB	818	0.002652
preregbankselect	Bullet	G_FNEG	806	0.002613
preregbankselect	Bullet	G_PHI	792	0.002568
preregbankselect	Bullet	G_ZEXT	778	0.002522
preregbankselect	Bullet	G_MUL	649	0.002104
preregbankselect	Bullet	G_FDIV	510	0.001654
preregbankselect	Bullet	G_ZEXTLOAD	403	0.001307
preregbankselect	Bullet	G_SEXT	344	0.001115
preregbankselect	Bullet	G_ANYEXT	317	0.001028
preregbankselect	Bullet	G_TRUNC	244	0.000791
preregbankselect	Bullet	G_SUB	218	0.000707
preregbankselect	Bullet	G_SDIV	152	0.000493
preregbankselect	Bullet	G_SITOFP	145	0.000470
preregbankselect	Bullet	G_OR	113	0.000366
preregbankselect	Bullet	G_SELECT	95	0.000308
preregbankselect	Bullet	G_FPEXT	70	0.000227
preregbankselect	Bullet	G_GLOBAL_VALUE	60	0.000195
preregbankselect	Bullet	G_TRAP	59	0.000191
preregbankselect	Bullet	G_FABS	42	0.000136
preregbankselect	Bullet	G_FPTRUNC	42	0.000136
preregbankselect	Bullet	G_LSHR	39	0.000126
preregbankselect	Bullet	G_XOR	35	0.000113
preregbankselect	Bullet	G_ASHR	30	0.000097
preregbankselect	Bullet	G_FPTOUI	27	0.000088
preregbankselect	Bullet	G_UITOFP	26	0.000084
preregbankselect	Bullet	G_FPTOSI	16	0.000052
preregbankselect	Bullet	G_UDIV	13	0.000042
preregbankselect	Bullet	G_SEXT_INREG	11	0.000036
preregbankselect	Bullet	G_INTTOPTR	10	0.000032
preregbankselect	Bullet	G_UMULH	10	0.000032
preregbankselect	Bullet	G_BRJT	2	0.000006
preregbankselect	Bullet	G_JUMP_TABLE	2	0.000006
preregbankselect	Bullet	G_BUILD_VECTOR	1	0.000003
preregbankselect	ClamAV	G_LOAD	49013	0.203251
preregbankselect	ClamAV	G_FRAME_INDEX	42639	0.176819
preregbankselect	ClamAV	G_CONSTANT	37665	0.156192
preregbankselect	ClamAV	G_BR	25264	0.104767
preregbankselect	ClamAV	G_STORE	20984	0.087018
preregbankselect	ClamAV	G_PTR_ADD	18311	0.075934
preregbankselect	ClamAV	G_ICMP	11659	0.048349
preregbankselect	ClamAV	G_BRCOND	11504	0.047706
preregbankselect	ClamAV	G_ZEXTLOAD	5614	0.023281
preregbankselect	ClamAV	G_ADD	4640	0.019242
preregbankselect	ClamAV	G_SHL	2583	0.010711
preregbankselect	ClamAV	G_AND	1795	0.007444
preregbankselect	ClamAV	G_SUB	1303	0.005403
preregbankselect	ClamAV	G_SEXTLOAD	1182	0.004902
preregbankselect	ClamAV	G_MUL	895	0.003711
preregbankselect	ClamAV	G_ZEXT	877	0.003637
preregbankselect	ClamAV	G_OR	865	0.003587
preregbankselect	ClamAV	G_LSHR	742	0.003077
preregbankselect	ClamAV	G_XOR	574	0.002380
preregbankselect	ClamAV	G_SEXT	558	0.002314
preregbankselect	ClamAV	G_TRUNC	543	0.002252
preregbankselect	ClamAV	G_PHI	466	0.001932
preregbankselect	ClamAV	G_ANYEXT	313	0.001298
preregbankselect	ClamAV	G_PTRTOINT	299	0.001240
preregbankselect	ClamAV	G_GLOBAL_VALUE	246	0.001020
preregbankselect	ClamAV	G_ASHR	187	0.000775
preregbankselect	ClamAV	G_UDIV	169	0.000701
preregbankselect	ClamAV	G_SELECT	111	0.000460
preregbankselect	ClamAV	G_SDIV	66	0.000274
preregbankselect	ClamAV	G_BRJT	15	0.000062
preregbankselect	ClamAV	G_JUMP_TABLE	15	0.000062
preregbankselect	ClamAV	G_SEXT_INREG	13	0.000054
preregbankselect	ClamAV	G_INTTOPTR	12	0.000050
preregbankselect	ClamAV	G_VASTART	9	0.000037
preregbankselect	ClamAV	G_BUILD_VECTOR	5	0.000021
preregbankselect	ClamAV	G_FCONSTANT	3	0.000012
preregbankselect	ClamAV	G_FDIV	1	0.000004
preregbankselect	ClamAV	G_FMUL	1	0.000004
preregbankselect	ClamAV	G_FPTOSI	1	0.000004
preregbankselect	ClamAV	G_FPTOUI	1	0.000004
preregbankselect	ClamAV	G_FSUB	1	0.000004
preregbankselect	ClamAV	G_UITOFP	1	0.000004
preregbankselect	consumer-typeset	G_LOAD	62308	0.226533
preregbankselect	consumer-typeset	G_CONSTANT	42936	0.156103
preregbankselect	consumer-typeset	G_PTR_ADD	28139	0.102305
preregbankselect	consumer-typeset	G_STORE	27707	0.100734
preregbankselect	consumer-typeset	G_BR	26373	0.095884
preregbankselect	consumer-typeset	G_FRAME_INDEX	22856	0.083098
preregbankselect	consumer-typeset	G_GLOBAL_VALUE	17477	0.063541
preregbankselect	consumer-typeset	G_ICMP	10344	0.037608
preregbankselect	consumer-typeset	G_BRCOND	10148	0.036895
preregbankselect	consumer-typeset	G_ZEXTLOAD	4941	0.017964
preregbankselect	consumer-typeset	G_SHL	4304	0.015648
preregbankselect	consumer-typeset	G_AND	3845	0.013979
preregbankselect	consumer-typeset	G_SEXTLOAD	3839	0.013957
preregbankselect	consumer-typeset	G_OR	1420	0.005163
preregbankselect	consumer-typeset	G_ADD	1331	0.004839
preregbankselect	consumer-typeset	G_ANYEXT	1245	0.004526
preregbankselect	consumer-typeset	G_LSHR	1124	0.004087
preregbankselect	consumer-typeset	G_PHI	1040	0.003781
preregbankselect	consumer-typeset	G_ZEXT	873	0.003174
preregbankselect	consumer-typeset	G_SEXT	772	0.002807
preregbankselect	consumer-typeset	G_SUB	395	0.001436
preregbankselect	consumer-typeset	G_MUL	381	0.001385
preregbankselect	consumer-typeset	G_TRUNC	317	0.001153
preregbankselect	consumer-typeset	G_SDIV	130	0.000473
preregbankselect	consumer-typeset	G_SITOFP	116	0.000422
preregbankselect	consumer-typeset	G_FCONSTANT	107	0.000389
preregbankselect	consumer-typeset	G_FPEXT	79	0.000287
preregbankselect	consumer-typeset	G_SELECT	69	0.000251
preregbankselect	consumer-typeset	G_FPTOSI	68	0.000247
preregbankselect	consumer-typeset	G_PTRTOINT	64	0.000233
preregbankselect	consumer-typeset	G_FDIV	54	0.000196
preregbankselect	consumer-typeset	G_FMUL	52	0.000189
preregbankselect	consumer-typeset	G_FCMP	40	0.000145
preregbankselect	consumer-typeset	G_UDIV	26	0.000095
preregbankselect	consumer-typeset	G_BRJT	21	0.000076
preregbankselect	consumer-typeset	G_JUMP_TABLE	21	0.000076
preregbankselect	consumer-typeset	G_FPTRUNC	16	0.000058
preregbankselect	consumer-typeset	G_FNEG	15	0.000055
preregbankselect	consumer-typeset	G_SEXT_INREG	13	0.000047
preregbankselect	consumer-typeset	G_FADD	10	0.000036
preregbankselect	consumer-typeset	G_FSUB	10	0.000036
preregbankselect	consumer-typeset	G_FMA	9	0.000033
preregbankselect	consumer-typeset	G_XOR	7	0.000025
preregbankselect	consumer-typeset	G_FABS	3	0.000011
preregbankselect	consumer-typeset	G_ASHR	2	0.000007
preregbankselect	consumer-typeset	G_FFLOOR	1	0.000004
preregbankselect	consumer-typeset	G_INTTOPTR	1	0.000004
preregbankselect	consumer-typeset	G_VASTART	1	0.000004
preregbankselect	kimwitu++	G_LOAD	51146	0.281925
preregbankselect	kimwitu++	G_FRAME_INDEX	32559	0.179471
preregbankselect	kimwitu++	G_STORE	24023	0.132419
preregbankselect	kimwitu++	G_CONSTANT	23089	0.127270
preregbankselect	kimwitu++	G_BR	18137	0.099974
preregbankselect	kimwitu++	G_PTR_ADD	11789	0.064983
preregbankselect	kimwitu++	G_BRCOND	6464	0.035631
preregbankselect	kimwitu++	G_ICMP	6329	0.034886
preregbankselect	kimwitu++	G_PHI	1180	0.006504
preregbankselect	kimwitu++	G_GLOBAL_VALUE	1095	0.006036
preregbankselect	kimwitu++	G_AND	1053	0.005804
preregbankselect	kimwitu++	G_PTRTOINT	817	0.004503
preregbankselect	kimwitu++	G_INVOKE_REGION_START	814	0.004487
preregbankselect	kimwitu++	G_SHL	490	0.002701
preregbankselect	kimwitu++	G_ADD	462	0.002547
preregbankselect	kimwitu++	G_ZEXT	405	0.002232
preregbankselect	kimwitu++	G_ZEXTLOAD	280	0.001543
preregbankselect	kimwitu++	G_SUB	234	0.001290
preregbankselect	kimwitu++	G_SEXTLOAD	155	0.000854
preregbankselect	kimwitu++	G_ANYEXT	147	0.000810
preregbankselect	kimwitu++	G_TRUNC	114	0.000628
preregbankselect	kimwitu++	G_SDIV	111	0.000612
preregbankselect	kimwitu++	G_SEXT	109	0.000601
preregbankselect	kimwitu++	G_MUL	105	0.000579
preregbankselect	kimwitu++	G_TRAP	81	0.000446
preregbankselect	kimwitu++	G_SELECT	63	0.000347
preregbankselect	kimwitu++	G_UDIV	63	0.000347
preregbankselect	kimwitu++	G_INTTOPTR	61	0.000336
preregbankselect	kimwitu++	G_BRJT	14	0.000077
preregbankselect	kimwitu++	G_JUMP_TABLE	14	0.000077
preregbankselect	kimwitu++	G_XOR	9	0.000050
preregbankselect	kimwitu++	G_UMULH	2	0.000011
preregbankselect	kimwitu++	G_ASHR	1	0.000006
preregbankselect	kimwitu++	G_FCMP	1	0.000006
preregbankselect	kimwitu++	G_OR	1	0.000006
preregbankselect	lencod	G_LOAD	63264	0.216776
preregbankselect	lencod	G_CONSTANT	46817	0.160420
preregbankselect	lencod	G_FRAME_INDEX	33973	0.116409
preregbankselect	lencod	G_PTR_ADD	33694	0.115453
preregbankselect	lencod	G_BR	21613	0.074057
preregbankselect	lencod	G_STORE	20904	0.071628
preregbankselect	lencod	G_SEXTLOAD	12614	0.043222
preregbankselect	lencod	G_SHL	12262	0.042016
preregbankselect	lencod	G_ICMP	9255	0.031712
preregbankselect	lencod	G_BRCOND	8882	0.030434
preregbankselect	lencod	G_ADD	8362	0.028653
preregbankselect	lencod	G_GLOBAL_VALUE	5661	0.019398
preregbankselect	lencod	G_MUL	2391	0.008193
preregbankselect	lencod	G_SUB	2137	0.007322
preregbankselect	lencod	G_SEXT	1990	0.006819
preregbankselect	lencod	G_ZEXTLOAD	1759	0.006027
preregbankselect	lencod	G_ASHR	1134	0.003886
preregbankselect	lencod	G_PHI	946	0.003241
preregbankselect	lencod	G_AND	544	0.001864
preregbankselect	lencod	G_SDIV	542	0.001857
preregbankselect	lencod	G_SITOFP	402	0.001377
preregbankselect	lencod	G_TRUNC	363	0.001244
preregbankselect	lencod	G_FCONSTANT	356	0.001220
preregbankselect	lencod	G_ANYEXT	232	0.000795
preregbankselect	lencod	G_FDIV	212	0.000726
preregbankselect	lencod	G_SELECT	207	0.000709
preregbankselect	lencod	G_FMUL	202	0.000692
preregbankselect	lencod	G_FPEXT	174	0.000596
preregbankselect	lencod	G_ZEXT	166	0.000569
preregbankselect	lencod	G_OR	141	0.000483
preregbankselect	lencod	G_FADD	131	0.000449
preregbankselect	lencod	G_FPTOSI	120	0.000411
preregbankselect	lencod	G_FMA	83	0.000284
preregbankselect	lencod	G_FCMP	80	0.000274
preregbankselect	lencod	G_UDIV	43	0.000147
preregbankselect	lencod	G_XOR	42	0.000144
preregbankselect	lencod	G_FSUB	30	0.000103
preregbankselect	lencod	G_FFLOOR	25	0.000086
preregbankselect	lencod	G_UITOFP	24	0.000082
preregbankselect	lencod	G_FPTRUNC	18	0.000062
preregbankselect	lencod	G_FNEG	16	0.000055
preregbankselect	lencod	G_LSHR	15	0.000051
preregbankselect	lencod	G_FABS	4	0.000014
preregbankselect	lencod	G_FPTOUI	3	0.000010
preregbankselect	lencod	G_BRJT	2	0.000007
preregbankselect	lencod	G_FCEIL	2	0.000007
preregbankselect	lencod	G_JUMP_TABLE	2	0.000007
preregbankselect	lencod	G_BUILD_VECTOR	1	0.000003
preregbankselect	lencod	G_SEXT_INREG	1	0.000003
preregbankselect	mafft	G_LOAD	30629	0.216691
preregbankselect	mafft	G_FRAME_INDEX	26117	0.184770
preregbankselect	mafft	G_CONSTANT	16137	0.114164
preregbankselect	mafft	G_STORE	14840	0.104988
preregbankselect	mafft	G_BR	12868	0.091037
preregbankselect	mafft	G_PTR_ADD	8435	0.059675
preregbankselect	mafft	G_SEXTLOAD	5179	0.036640
preregbankselect	mafft	G_SHL	4982	0.035246
preregbankselect	mafft	G_BRCOND	4531	0.032055
preregbankselect	mafft	G_ICMP	4427	0.031320
preregbankselect	mafft	G_ADD	4399	0.031122
preregbankselect	mafft	G_GLOBAL_VALUE	1586	0.011220
preregbankselect	mafft	G_FCONSTANT	963	0.006813
preregbankselect	mafft	G_SEXT	807	0.005709
preregbankselect	mafft	G_ZEXTLOAD	733	0.005186
preregbankselect	mafft	G_FADD	576	0.004075
preregbankselect	mafft	G_MUL	560	0.003962
preregbankselect	mafft	G_FMUL	455	0.003219
preregbankselect	mafft	G_FPEXT	449	0.003177
preregbankselect	mafft	G_SITOFP	435	0.003077
preregbankselect	mafft	G_SUB	409	0.002894
preregbankselect	mafft	G_FCMP	304	0.002151
preregbankselect	mafft	G_FMA	223	0.001578
preregbankselect	mafft	G_FSUB	219	0.001549
preregbankselect	mafft	G_FPTRUNC	218	0.001542
preregbankselect	mafft	G_PHI	215	0.001521
preregbankselect	mafft	G_FDIV	153	0.001082
preregbankselect	mafft	G_FPTOSI	125	0.000884
preregbankselect	mafft	G_PTRTOINT	86	0.000608
preregbankselect	mafft	G_TRUNC	67	0.000474
preregbankselect	mafft	G_ZEXT	49	0.000347
preregbankselect	mafft	G_AND	48	0.000340
preregbankselect	mafft	G_SDIV	43	0.000304
preregbankselect	mafft	G_FNEG	37	0.000262
preregbankselect	mafft	G_ANYEXT	33	0.000233
preregbankselect	mafft	G_SELECT	4	0.000028
preregbankselect	mafft	G_XOR	3	0.000021
preregbankselect	mafft	G_BRJT	2	0.000014
preregbankselect	mafft	G_JUMP_TABLE	2	0.000014
preregbankselect	mafft	G_ASHR	1	0.000007
preregbankselect	SPASS	G_LOAD	37605	0.242867
preregbankselect	SPASS	G_FRAME_INDEX	35568	0.229711
preregbankselect	SPASS	G_STORE	19393	0.125247
preregbankselect	SPASS	G_BR	18717	0.120881
preregbankselect	SPASS	G_CONSTANT	15739	0.101648
preregbankselect	SPASS	G_ICMP	8041	0.051932
preregbankselect	SPASS	G_BRCOND	7523	0.048586
preregbankselect	SPASS	G_PTR_ADD	3463	0.022365
preregbankselect	SPASS	G_ADD	1644	0.010618
preregbankselect	SPASS	G_GLOBAL_VALUE	1625	0.010495
preregbankselect	SPASS	G_SHL	764	0.004934
preregbankselect	SPASS	G_SEXTLOAD	635	0.004101
preregbankselect	SPASS	G_TRUNC	584	0.003772
preregbankselect	SPASS	G_ZEXTLOAD	540	0.003488
preregbankselect	SPASS	G_SUB	472	0.003048
preregbankselect	SPASS	G_PHI	465	0.003003
preregbankselect	SPASS	G_AND	422	0.002725
preregbankselect	SPASS	G_ANYEXT	345	0.002228
preregbankselect	SPASS	G_MUL	256	0.001653
preregbankselect	SPASS	G_INTTOPTR	229	0.001479
preregbankselect	SPASS	G_PTRTOINT	210	0.001356
preregbankselect	SPASS	G_UDIV	177	0.001143
preregbankselect	SPASS	G_SEXT	173	0.001117
preregbankselect	SPASS	G_ZEXT	127	0.000820
preregbankselect	SPASS	G_OR	29	0.000187
preregbankselect	SPASS	G_SELECT	29	0.000187
preregbankselect	SPASS	G_ASHR	20	0.000129
preregbankselect	SPASS	G_SDIV	10	0.000065
preregbankselect	SPASS	G_SITOFP	8	0.000052
preregbankselect	SPASS	G_FCMP	6	0.000039
preregbankselect	SPASS	G_BRJT	5	0.000032
preregbankselect	SPASS	G_JUMP_TABLE	5	0.000032
preregbankselect	SPASS	G_XOR	3	0.000019
preregbankselect	SPASS	G_FCONSTANT	2	0.000013
preregbankselect	SPASS	G_FPTOUI	2	0.000013
preregbankselect	SPASS	G_VASTART	2	0.000013
preregbankselect	sqlite3	G_LOAD	35121	0.224378
preregbankselect	sqlite3	G_FRAME_INDEX	28933	0.184845
preregbankselect	sqlite3	G_CONSTANT	24941	0.159341
preregbankselect	sqlite3	G_BR	15505	0.099057
preregbankselect	sqlite3	G_STORE	14617	0.093384
preregbankselect	sqlite3	G_PTR_ADD	12250	0.078262
preregbankselect	sqlite3	G_ICMP	7058	0.045092
preregbankselect	sqlite3	G_BRCOND	6803	0.043462
preregbankselect	sqlite3	G_ADD	2191	0.013998
preregbankselect	sqlite3	G_ZEXTLOAD	2012	0.012854
preregbankselect	sqlite3	G_SEXTLOAD	1667	0.010650
preregbankselect	sqlite3	G_AND	793	0.005066
preregbankselect	sqlite3	G_SHL	743	0.004747
preregbankselect	sqlite3	G_MUL	638	0.004076
preregbankselect	sqlite3	G_SEXT	467	0.002984
preregbankselect	sqlite3	G_ZEXT	453	0.002894
preregbankselect	sqlite3	G_TRUNC	404	0.002581
preregbankselect	sqlite3	G_PHI	328	0.002095
preregbankselect	sqlite3	G_OR	295	0.001885
preregbankselect	sqlite3	G_SUB	235	0.001501
preregbankselect	sqlite3	G_ANYEXT	192	0.001227
preregbankselect	sqlite3	G_SELECT	130	0.000831
preregbankselect	sqlite3	G_FCONSTANT	108	0.000690
preregbankselect	sqlite3	G_LSHR	101	0.000645
preregbankselect	sqlite3	G_SDIV	81	0.000517
preregbankselect	sqlite3	G_PTRTOINT	66	0.000422
preregbankselect	sqlite3	G_SITOFP	45	0.000287
preregbankselect	sqlite3	G_GLOBAL_VALUE	35	0.000224
preregbankselect	sqlite3	G_FPTOSI	33	0.000211
preregbankselect	sqlite3	G_XOR	32	0.000204
preregbankselect	sqlite3	G_FADD	29	0.000185
preregbankselect	sqlite3	G_ASHR	27	0.000172
preregbankselect	sqlite3	G_INTTOPTR	25	0.000160
preregbankselect	sqlite3	G_UDIV	25	0.000160
preregbankselect	sqlite3	G_FMUL	23	0.000147
preregbankselect	sqlite3	G_FCMP	22	0.000141
preregbankselect	sqlite3	G_FDIV	19	0.000121
preregbankselect	sqlite3	G_FSUB	19	0.000121
preregbankselect	sqlite3	G_VASTART	11	0.000070
preregbankselect	sqlite3	G_BRJT	10	0.000064
preregbankselect	sqlite3	G_JUMP_TABLE	10	0.000064
preregbankselect	sqlite3	G_FMA	9	0.000057
preregbankselect	sqlite3	G_BITCAST	4	0.000026
preregbankselect	sqlite3	G_FNEG	4	0.000026
preregbankselect	sqlite3	G_UNMERGE_VALUES	4	0.000026
preregbankselect	sqlite3	G_MERGE_VALUES	3	0.000019
preregbankselect	sqlite3	G_UITOFP	2	0.000013
preregbankselect	sqlite3	G_BUILD_VECTOR	1	0.000006
preregbankselect	sqlite3	G_FPTOUI	1	0.000006
preregbankselect	sqlite3	G_SEXT_INREG	1	0.000006
preregbankselect	tramp3d-v4	G_FRAME_INDEX	39765	0.266648
preregbankselect	tramp3d-v4	G_LOAD	35925	0.240899
preregbankselect	tramp3d-v4	G_STORE	29749	0.199485
preregbankselect	tramp3d-v4	G_CONSTANT	13687	0.091780
preregbankselect	tramp3d-v4	G_PTR_ADD	8600	0.057668
preregbankselect	tramp3d-v4	G_BR	7639	0.051224
preregbankselect	tramp3d-v4	G_BRCOND	2983	0.020003
preregbankselect	tramp3d-v4	G_AND	2299	0.015416
preregbankselect	tramp3d-v4	G_ICMP	2249	0.015081
preregbankselect	tramp3d-v4	G_ADD	1015	0.006806
preregbankselect	tramp3d-v4	G_SEXTLOAD	678	0.004546
preregbankselect	tramp3d-v4	G_PTRTOINT	533	0.003574
preregbankselect	tramp3d-v4	G_INTTOPTR	515	0.003453
preregbankselect	tramp3d-v4	G_SHL	461	0.003091
preregbankselect	tramp3d-v4	G_MUL	453	0.003038
preregbankselect	tramp3d-v4	G_ZEXTLOAD	321	0.002152
preregbankselect	tramp3d-v4	G_SUB	291	0.001951
preregbankselect	tramp3d-v4	G_ZEXT	239	0.001603
preregbankselect	tramp3d-v4	G_SDIV	203	0.001361
preregbankselect	tramp3d-v4	G_ANYEXT	192	0.001287
preregbankselect	tramp3d-v4	G_FMUL	190	0.001274
preregbankselect	tramp3d-v4	G_TRUNC	182	0.001220
preregbankselect	tramp3d-v4	G_PHI	168	0.001127
preregbankselect	tramp3d-v4	G_FCONSTANT	167	0.001120
preregbankselect	tramp3d-v4	G_FSUB	123	0.000825
preregbankselect	tramp3d-v4	G_SEXT	110	0.000738
preregbankselect	tramp3d-v4	G_FMA	99	0.000664
preregbankselect	tramp3d-v4	G_FDIV	69	0.000463
preregbankselect	tramp3d-v4	G_FADD	45	0.000302
preregbankselect	tramp3d-v4	G_FCMP	39	0.000262
preregbankselect	tramp3d-v4	G_UDIV	25	0.000168
preregbankselect	tramp3d-v4	G_FNEG	20	0.000134
preregbankselect	tramp3d-v4	G_GLOBAL_VALUE	19	0.000127
preregbankselect	tramp3d-v4	G_SITOFP	16	0.000107
preregbankselect	tramp3d-v4	G_XOR	15	0.000101
preregbankselect	tramp3d-v4	G_SELECT	13	0.000087
preregbankselect	tramp3d-v4	G_TRAP	10	0.000067
preregbankselect	tramp3d-v4	G_FABS	6	0.000040
preregbankselect	tramp3d-v4	G_OR	6	0.000040
preregbankselect	tramp3d-v4	G_UMULH	4	0.000027
preregbankselect	tramp3d-v4	G_BITCAST	2	0.000013
preregbankselect	tramp3d-v4	G_FPTOSI	2	0.000013
preregbankselect	tramp3d-v4	G_CTLZ	1	0.000007
preregbankselect	tramp3d-v4	G_VASTART	1	0.000007
preinstructionselect	TOTAL	G_LOAD	493462	0.216720
preinstructionselect	TOTAL	G_FRAME_INDEX	386893	0.169917
preinstructionselect	TOTAL	G_CONSTANT	315558	0.138588
preinstructionselect	TOTAL	G_STORE	274581	0.120591
preinstructionselect	TOTAL	G_BR	204751	0.089923
preinstructionselect	TOTAL	G_PTR_ADD	191068	0.083914
preinstructionselect	TOTAL	G_BRCOND	76087	0.033416
preinstructionselect	TOTAL	G_ICMP	75695	0.033244
preinstructionselect	TOTAL	G_SHL	32764	0.014389
preinstructionselect	TOTAL	G_ADD	32025	0.014065
preinstructionselect	TOTAL	G_SEXTLOAD	29931	0.013145
preinstructionselect	TOTAL	G_GLOBAL_VALUE	28596	0.012559
preinstructionselect	TOTAL	G_ZEXTLOAD	20961	0.009206
preinstructionselect	TOTAL	G_AND	15726	0.006907
preinstructionselect	TOTAL	G_TRUNC	13810	0.006065
preinstructionselect	TOTAL	G_INVOKE_REGION_START	12072	0.005302
preinstructionselect	TOTAL	G_SUB	6898	0.003029
preinstructionselect	TOTAL	G_MUL	6850	0.003008
preinstructionselect	TOTAL	G_PHI	6109	0.002683
preinstructionselect	TOTAL	G_ANYEXT	6008	0.002639
preinstructionselect	TOTAL	G_SEXT	5871	0.002578
preinstructionselect	TOTAL	G_ZEXT	5754	0.002527
preinstructionselect	TOTAL	G_PTRTOINT	5518	0.002423
preinstructionselect	TOTAL	G_OR	3667	0.001610
preinstructionselect	TOTAL	G_FMUL	3221	0.001415
preinstructionselect	TOTAL	G_LSHR	2676	0.001175
preinstructionselect	TOTAL	G_FCONSTANT	1923	0.000845
preinstructionselect	TOTAL	G_FCMP	1818	0.000798
preinstructionselect	TOTAL	G_FADD	1768	0.000776
preinstructionselect	TOTAL	G_FMA	1582	0.000695
preinstructionselect	TOTAL	G_ASHR	1502	0.000660
preinstructionselect	TOTAL	G_SDIV	1477	0.000649
preinstructionselect	TOTAL	G_FSUB	1220	0.000536
preinstructionselect	TOTAL	G_SITOFP	1167	0.000513
preinstructionselect	TOTAL	G_XOR	1158	0.000509
preinstructionselect	TOTAL	G_FDIV	1018	0.000447
preinstructionselect	TOTAL	G_SELECT	1000	0.000439
preinstructionselect	TOTAL	G_FNEG	898	0.000394
preinstructionselect	TOTAL	G_INTTOPTR	858	0.000377
preinstructionselect	TOTAL	G_FPEXT	772	0.000339
preinstructionselect	TOTAL	G_UDIV	655	0.000288
preinstructionselect	TOTAL	G_TRAP	432	0.000190
preinstructionselect	TOTAL	G_FPTOSI	365	0.000160
preinstructionselect	TOTAL	G_FPTRUNC	294	0.000129
preinstructionselect	TOTAL	G_UMULH	84	0.000037
preinstructionselect	TOTAL	G_BRJT	75	0.000033
preinstructionselect	TOTAL	G_JUMP_TABLE	75	0.000033
preinstructionselect	TOTAL	G_FABS	55	0.000024
preinstructionselect	TOTAL	G_UITOFP	53	0.000023
preinstructionselect	TOTAL	G_SEXT_INREG	40	0.000018
preinstructionselect	TOTAL	G_FPTOUI	34	0.000015
preinstructionselect	TOTAL	G_FFLOOR	26	0.000011
preinstructionselect	TOTAL	G_VASTART	24	0.000011
preinstructionselect	TOTAL	G_BUILD_VECTOR	10	0.000004
preinstructionselect	TOTAL	G_UADDO	7	0.000003
preinstructionselect	TOTAL	G_BITCAST	6	0.000003
preinstructionselect	TOTAL	G_UNMERGE_VALUES	4	0.000002
preinstructionselect	TOTAL	G_MERGE_VALUES	3	0.000001
preinstructionselect	TOTAL	G_FCEIL	2	0.000001
preinstructionselect	TOTAL	G_CTLZ	1	0.000000
preinstructionselect	7zip	G_FRAME_INDEX	67836	0.184861
preinstructionselect	7zip	G_LOAD	64808	0.176609
preinstructionselect	7zip	G_CONSTANT	54151	0.147568
preinstructionselect	7zip	G_STORE	48982	0.133482
preinstructionselect	7zip	G_BR	38529	0.104996
preinstructionselect	7zip	G_PTR_ADD	29235	0.079669
preinstructionselect	7zip	G_ICMP	11789	0.032126
preinstructionselect	7zip	G_BRCOND	11521	0.031396
preinstructionselect	7zip	G_INVOKE_REGION_START	7023	0.019138
preinstructionselect	7zip	G_ADD	5738	0.015637
preinstructionselect	7zip	G_ZEXTLOAD	4358	0.011876
preinstructionselect	7zip	G_SHL	3567	0.009720
preinstructionselect	7zip	G_AND	3341	0.009105
preinstructionselect	7zip	G_TRUNC	2682	0.007309
preinstructionselect	7zip	G_PTRTOINT	2449	0.006674
preinstructionselect	7zip	G_ZEXT	1787	0.004870
preinstructionselect	7zip	G_SEXTLOAD	1677	0.004570
preinstructionselect	7zip	G_SUB	1204	0.003281
preinstructionselect	7zip	G_ANYEXT	1021	0.002782
preinstructionselect	7zip	G_OR	797	0.002172
preinstructionselect	7zip	G_GLOBAL_VALUE	792	0.002158
preinstructionselect	7zip	G_LSHR	655	0.001785
preinstructionselect	7zip	G_SEXT	541	0.001474
preinstructionselect	7zip	G_MUL	522	0.001423
preinstructionselect	7zip	G_PHI	509	0.001387
preinstructionselect	7zip	G_XOR	438	0.001194
preinstructionselect	7zip	G_TRAP	282	0.000768
preinstructionselect	7zip	G_SELECT	279	0.000760
preinstructionselect	7zip	G_SDIV	139	0.000379
preinstructionselect	7zip	G_UDIV	114	0.000311
preinstructionselect	7zip	G_ASHR	100	0.000273
preinstructionselect	7zip	G_UMULH	68	0.000185
preinstructionselect	7zip	G_UADDO	7	0.000019
preinstructionselect	7zip	G_INTTOPTR	5	0.000014
preinstructionselect	7zip	G_BRJT	4	0.000011
preinstructionselect	7zip	G_JUMP_TABLE	4	0.000011
preinstructionselect	7zip	G_BUILD_VECTOR	2	0.000005
preinstructionselect	7zip	G_SEXT_INREG	1	0.000003
preinstructionselect	Bullet	G_LOAD	63643	0.205425
preinstructionselect	Bullet	G_FRAME_INDEX	56647	0.182843
preinstructionselect	Bullet	G_STORE	53382	0.172304
preinstructionselect	Bullet	G_CONSTANT	39484	0.127445
preinstructionselect	Bullet	G_PTR_ADD	37152	0.119918
preinstructionselect	Bullet	G_BR	20106	0.064897
preinstructionselect	Bullet	G_BRCOND	5728	0.018489
preinstructionselect	Bullet	G_ICMP	4544	0.014667
preinstructionselect	Bullet	G_INVOKE_REGION_START	4235	0.013670
preinstructionselect	Bullet	G_SHL	2608	0.008418
preinstructionselect	Bullet	G_SEXTLOAD	2305	0.007440
preinstructionselect	Bullet	G_FMUL	2298	0.007417
preinstructionselect	Bullet	G_ADD	2243	0.007240
preinstructionselect	Bullet	G_AND	1586	0.005119
preinstructionselect	Bullet	G_TRUNC	1443	0.004658
preinstructionselect	Bullet	G_FCMP	1326	0.004280
preinstructionselect	Bullet	G_FMA	1159	0.003741
preinstructionselect	Bullet	G_FCONSTANT	1129	0.003644
preinstructionselect	Bullet	G_PTRTOINT	994	0.003208
preinstructionselect	Bullet	G_FADD	977	0.003154
preinstructionselect	Bullet	G_FSUB	818	0.002640
preinstructionselect	Bullet	G_FNEG	806	0.002602
preinstructionselect	Bullet	G_PHI	792	0.002556
preinstructionselect	Bullet	G_ZEXT	778	0.002511
preinstructionselect	Bullet	G_MUL	649	0.002095
preinstructionselect	Bullet	G_FDIV	510	0.001646
preinstructionselect	Bullet	G_ANYEXT	505	0.001630
preinstructionselect	Bullet	G_ZEXTLOAD	403	0.001301
preinstructionselect	Bullet	G_SEXT	344	0.001110
preinstructionselect	Bullet	G_SUB	218	0.000704
preinstructionselect	Bullet	G_SDIV	152	0.000491
preinstructionselect	Bullet	G_SITOFP	145	0.000468
preinstructionselect	Bullet	G_OR	113	0.000365
preinstructionselect	Bullet	G_SELECT	95	0.000307
preinstructionselect	Bullet	G_FPEXT	70	0.000226
preinstructionselect	Bullet	G_GLOBAL_VALUE	60	0.000194
preinstructionselect	Bullet	G_TRAP	59	0.000190
preinstructionselect	Bullet	G_FABS	42	0.000136
preinstructionselect	Bullet	G_FPTRUNC	42	0.000136
preinstructionselect	Bullet	G_LSHR	39	0.000126
preinstructionselect	Bullet	G_XOR	35	0.000113
preinstructionselect	Bullet	G_ASHR	30	0.000097
preinstructionselect	Bullet	G_FPTOUI	27	0.000087
preinstructionselect	Bullet	G_UITOFP	26	0.000084
preinstructionselect	Bullet	G_FPTOSI	16	0.000052
preinstructionselect	Bullet	G_UDIV	13	0.000042
preinstructionselect	Bullet	G_SEXT_INREG	11	0.000036
preinstructionselect	Bullet	G_INTTOPTR	10	0.000032
preinstructionselect	Bullet	G_UMULH	10	0.000032
preinstructionselect	Bullet	G_BRJT	2	0.000006
preinstructionselect	Bullet	G_JUMP_TABLE	2	0.000006
preinstructionselect	Bullet	G_BUILD_VECTOR	1	0.000003
preinstructionselect	ClamAV	G_LOAD	49013	0.201945
preinstructionselect	ClamAV	G_FRAME_INDEX	42639	0.175682
preinstructionselect	ClamAV	G_CONSTANT	37667	0.155197
preinstructionselect	ClamAV	G_BR	25264	0.104093
preinstructionselect	ClamAV	G_STORE	20984	0.086459
preinstructionselect	ClamAV	G_PTR_ADD	18311	0.075445
preinstructionselect	ClamAV	G_ICMP	11659	0.048038
preinstructionselect	ClamAV	G_BRCOND	11504	0.047399
preinstructionselect	ClamAV	G_ZEXTLOAD	5614	0.023131
preinstructionselect	ClamAV	G_ADD	4640	0.019118
preinstructionselect	ClamAV	G_SHL	2583	0.010643
preinstructionselect	ClamAV	G_AND	1795	0.007396
preinstructionselect	ClamAV	G_TRUNC	1705	0.007025
preinstructionselect	ClamAV	G_SUB	1303	0.005369
preinstructionselect	ClamAV	G_SEXTLOAD	1182	0.004870
preinstructionselect	ClamAV	G_MUL	895	0.003688
preinstructionselect	ClamAV	G_ZEXT	877	0.003613
preinstructionselect	ClamAV	G_OR	865	0.003564
preinstructionselect	ClamAV	G_LSHR	742	0.003057
preinstructionselect	ClamAV	G_ANYEXT	711	0.002929
preinstructionselect	ClamAV	G_XOR	574	0.002365
preinstructionselect	ClamAV	G_SEXT	558	0.002299
preinstructionselect	ClamAV	G_PHI	466	0.001920
preinstructionselect	ClamAV	G_PTRTOINT	299	0.001232
preinstructionselect	ClamAV	G_GLOBAL_VALUE	246	0.001014
preinstructionselect	ClamAV	G_ASHR	187	0.000770
preinstructionselect	ClamAV	G_UDIV	169	0.000696
preinstructionselect	ClamAV	G_SELECT	111	0.000457
preinstructionselect	ClamAV	G_SDIV	66	0.000272
preinstructionselect	ClamAV	G_BRJT	15	0.000062
preinstructionselect	ClamAV	G_JUMP_TABLE	15	0.000062
preinstructionselect	ClamAV	G_SEXT_INREG	13	0.000054
preinstructionselect	ClamAV	G_INTTOPTR	12	0.000049
preinstructionselect	ClamAV	G_VASTART	9	0.000037
preinstructionselect	ClamAV	G_BUILD_VECTOR	5	0.000021
preinstructionselect	ClamAV	G_FCONSTANT	1	0.000004
preinstructionselect	ClamAV	G_FDIV	1	0.000004
preinstructionselect	ClamAV	G_FMUL	1	0.000004
preinstructionselect	ClamAV	G_FPTOSI	1	0.000004
preinstructionselect	ClamAV	G_FPTOUI	1	0.000004
preinstructionselect	ClamAV	G_FSUB	1	0.000004
preinstructionselect	ClamAV	G_UITOFP	1	0.000004
preinstructionselect	consumer-typeset	G_LOAD	62308	0.224220
preinstructionselect	consumer-typeset	G_CONSTANT	42989	0.154699
preinstructionselect	consumer-typeset	G_PTR_ADD	28139	0.101260
preinstructionselect	consumer-typeset	G_STORE	27707	0.099706
preinstructionselect	consumer-typeset	G_BR	26373	0.094905
preinstructionselect	consumer-typeset	G_FRAME_INDEX	22856	0.082249
preinstructionselect	consumer-typeset	G_GLOBAL_VALUE	17477	0.062892
preinstructionselect	consumer-typeset	G_ICMP	10344	0.037224
preinstructionselect	consumer-typeset	G_BRCOND	10148	0.036518
preinstructionselect	consumer-typeset	G_ZEXTLOAD	4941	0.017781
preinstructionselect	consumer-typeset	G_SHL	4304	0.015488
preinstructionselect	consumer-typeset	G_AND	3845	0.013837
preinstructionselect	consumer-typeset	G_SEXTLOAD	3839	0.013815
preinstructionselect	consumer-typeset	G_TRUNC	2782	0.010011
preinstructionselect	consumer-typeset	G_ANYEXT	1618	0.005822
preinstructionselect	consumer-typeset	G_OR	1420	0.005110
preinstructionselect	consumer-typeset	G_ADD	1331	0.004790
preinstructionselect	consumer-typeset	G_LSHR	1124	0.004045
preinstructionselect	consumer-typeset	G_PHI	1040	0.003743
preinstructionselect	consumer-typeset	G_ZEXT	873	0.003142
preinstructionselect	consumer-typeset	G_SEXT	772	0.002778
preinstructionselect	consumer-typeset	G_SUB	395	0.001421
preinstructionselect	consumer-typeset	G_MUL	381	0.001371
preinstructionselect	consumer-typeset	G_SDIV	130	0.000468
preinstructionselect	consumer-typeset	G_SITOFP	116	0.000417
preinstructionselect	consumer-typeset	G_FPEXT	79	0.000284
preinstructionselect	consumer-typeset	G_SELECT	69	0.000248
preinstructionselect	consumer-typeset	G_FPTOSI	68	0.000245
preinstructionselect	consumer-typeset	G_PTRTOINT	64	0.000230
preinstructionselect	consumer-typeset	G_FCONSTANT	54	0.000194
preinstructionselect	consumer-typeset	G_FDIV	54	0.000194
preinstructionselect	consumer-typeset	G_FMUL	52	0.000187
preinstructionselect	consumer-typeset	G_FCMP	40	0.000144
preinstructionselect	consumer-typeset	G_UDIV	26	0.000094
preinstructionselect	consumer-typeset	G_BRJT	21	0.000076
preinstructionselect	consumer-typeset	G_JUMP_TABLE	21	0.000076
preinstructionselect	consumer-typeset	G_FPTRUNC	16	0.000058
preinstructionselect	consumer-typeset	G_FNEG	15	0.000054
preinstructionselect	consumer-typeset	G_SEXT_INREG	13	0.000047
preinstructionselect	consumer-typeset	G_FADD	10	0.000036
preinstructionselect	consumer-typeset	G_FSUB	10	0.000036
preinstructionselect	consumer-typeset	G_FMA	9	0.000032
preinstructionselect	consumer-typeset	G_XOR	7	0.000025
preinstructionselect	consumer-typeset	G_FABS	3	0.000011
preinstructionselect	consumer-typeset	G_ASHR	2	0.000007
preinstructionselect	consumer-typeset	G_FFLOOR	1	0.000004
preinstructionselect	consumer-typeset	G_INTTOPTR	1	0.000004
preinstructionselect	consumer-typeset	G_VASTART	1	0.000004
preinstructionselect	kimwitu++	G_LOAD	51146	0.280982
preinstructionselect	kimwitu++	G_FRAME_INDEX	32559	0.178870
preinstructionselect	kimwitu++	G_STORE	24023	0.131976
preinstructionselect	kimwitu++	G_CONSTANT	23089	0.126845
preinstructionselect	kimwitu++	G_BR	18137	0.099640
preinstructionselect	kimwitu++	G_PTR_ADD	11789	0.064765
preinstructionselect	kimwitu++	G_BRCOND	6464	0.035511
preinstructionselect	kimwitu++	G_ICMP	6329	0.034770
preinstructionselect	kimwitu++	G_PHI	1180	0.006483
preinstructionselect	kimwitu++	G_GLOBAL_VALUE	1095	0.006016
preinstructionselect	kimwitu++	G_AND	1053	0.005785
preinstructionselect	kimwitu++	G_PTRTOINT	817	0.004488
preinstructionselect	kimwitu++	G_INVOKE_REGION_START	814	0.004472
preinstructionselect	kimwitu++	G_TRUNC	668	0.003670
preinstructionselect	kimwitu++	G_SHL	490	0.002692
preinstructionselect	kimwitu++	G_ADD	462	0.002538
preinstructionselect	kimwitu++	G_ZEXT	405	0.002225
preinstructionselect	kimwitu++	G_ZEXTLOAD	280	0.001538
preinstructionselect	kimwitu++	G_SUB	234	0.001286
preinstructionselect	kimwitu++	G_ANYEXT	202	0.001110
preinstructionselect	kimwitu++	G_SEXTLOAD	155	0.000852
preinstructionselect	kimwitu++	G_SDIV	111	0.000610
preinstructionselect	kimwitu++	G_SEXT	109	0.000599
preinstructionselect	kimwitu++	G_MUL	105	0.000577
preinstructionselect	kimwitu++	G_TRAP	81	0.000445
preinstructionselect	kimwitu++	G_SELECT	63	0.000346
preinstructionselect	kimwitu++	G_UDIV	63	0.000346
preinstructionselect	kimwitu++	G_INTTOPTR	61	0.000335
preinstructionselect	kimwitu++	G_BRJT	14	0.000077
preinstructionselect	kimwitu++	G_JUMP_TABLE	14	0.000077
preinstructionselect	kimwitu++	G_XOR	9	0.000049
preinstructionselect	kimwitu++	G_UMULH	2	0.000011
preinstructionselect	kimwitu++	G_ASHR	1	0.000005
preinstructionselect	kimwitu++	G_FCMP	1	0.000005
preinstructionselect	kimwitu++	G_OR	1	0.000005
preinstructionselect	lencod	G_LOAD	63264	0.215645
preinstructionselect	lencod	G_CONSTANT	46953	0.160046
preinstructionselect	lencod	G_FRAME_INDEX	33973	0.115802
preinstructionselect	lencod	G_PTR_ADD	33694	0.114851
preinstructionselect	lencod	G_BR	21613	0.073671
preinstructionselect	lencod	G_STORE	20904	0.071254
preinstructionselect	lencod	G_SEXTLOAD	12614	0.042997
preinstructionselect	lencod	G_SHL	12262	0.041797
preinstructionselect	lencod	G_ICMP	9255	0.031547
preinstructionselect	lencod	G_BRCOND	8882	0.030276
preinstructionselect	lencod	G_ADD	8362	0.028503
preinstructionselect	lencod	G_GLOBAL_VALUE	5661	0.019296
preinstructionselect	lencod	G_MUL	2391	0.008150
preinstructionselect	lencod	G_SUB	2137	0.007284
preinstructionselect	lencod	G_SEXT	1990	0.006783
preinstructionselect	lencod	G_ZEXTLOAD	1759	0.005996
preinstructionselect	lencod	G_TRUNC	1337	0.004557
preinstructionselect	lencod	G_ASHR	1134	0.003865
preinstructionselect	lencod	G_PHI	946	0.003225
preinstructionselect	lencod	G_ANYEXT	788	0.002686
preinstructionselect	lencod	G_AND	544	0.001854
preinstructionselect	lencod	G_SDIV	542	0.001847
preinstructionselect	lencod	G_SITOFP	402	0.001370
preinstructionselect	lencod	G_FCONSTANT	220	0.000750
preinstructionselect	lencod	G_FDIV	212	0.000723
preinstructionselect	lencod	G_SELECT	207	0.000706
preinstructionselect	lencod	G_FMUL	202	0.000689
preinstructionselect	lencod	G_FPEXT	174	0.000593
preinstructionselect	lencod	G_ZEXT	166	0.000566
preinstructionselect	lencod	G_OR	141	0.000481
preinstructionselect	lencod	G_FADD	131	0.000447
preinstructionselect	lencod	G_FPTOSI	120	0.000409
preinstructionselect	lencod	G_FMA	83	0.000283
preinstructionselect	lencod	G_FCMP	80	0.000273
preinstructionselect	lencod	G_UDIV	43	0.000147
preinstructionselect	lencod	G_XOR	42	0.000143
preinstructionselect	lencod	G_FSUB	30	0.000102
preinstructionselect	lencod	G_FFLOOR	25	0.000085
preinstructionselect	lencod	G_UITOFP	24	0.000082
preinstructionselect	lencod	G_FPTRUNC	18	0.000061
preinstructionselect	lencod	G_FNEG	16	0.000055
preinstructionselect	lencod	G_LSHR	15	0.000051
preinstructionselect	lencod	G_FABS	4	0.000014
preinstructionselect	lencod	G_FPTOUI	3	0.000010
preinstructionselect	lencod	G_BRJT	2	0.000007
preinstructionselect	lencod	G_FCEIL	2	0.000007
preinstructionselect	lencod	G_JUMP_TABLE	2	0.000007
preinstructionselect	lencod	G_BUILD_VECTOR	1	0.000003
preinstructionselect	lencod	G_SEXT_INREG	1	0.000003
preinstructionselect	mafft	G_LOAD	30629	0.216183
preinstructionselect	mafft	G_FRAME_INDEX	26117	0.184337
preinstructionselect	mafft	G_CONSTANT	16775	0.118400
preinstructionselect	mafft	G_STORE	14840	0.104742
preinstructionselect	mafft	G_BR	12868	0.090824
preinstructionselect	mafft	G_PTR_ADD	8435	0.059535
preinstructionselect	mafft	G_SEXTLOAD	5179	0.036554
preinstructionselect	mafft	G_SHL	4982	0.035164
preinstructionselect	mafft	G_BRCOND	4531	0.031980
preinstructionselect	mafft	G_ICMP	4427	0.031246
preinstructionselect	mafft	G_ADD	4399	0.031049
preinstructionselect	mafft	G_GLOBAL_VALUE	1586	0.011194
preinstructionselect	mafft	G_SEXT	807	0.005696
preinstructionselect	mafft	G_ZEXTLOAD	733	0.005174
preinstructionselect	mafft	G_FADD	576	0.004065
preinstructionselect	mafft	G_MUL	560	0.003953
preinstructionselect	mafft	G_FMUL	455	0.003211
preinstructionselect	mafft	G_FPEXT	449	0.003169
preinstructionselect	mafft	G_SITOFP	435	0.003070
preinstructionselect	mafft	G_SUB	409	0.002887
preinstructionselect	mafft	G_FCONSTANT	325	0.002294
preinstructionselect	mafft	G_FCMP	304	0.002146
preinstructionselect	mafft	G_TRUNC	271	0.001913
preinstructionselect	mafft	G_FMA	223	0.001574
preinstructionselect	mafft	G_FSUB	219	0.001546
preinstructionselect	mafft	G_FPTRUNC	218	0.001539
preinstructionselect	mafft	G_PHI	215	0.001517
preinstructionselect	mafft	G_ANYEXT	161	0.001136
preinstructionselect	mafft	G_FDIV	153	0.001080
preinstructionselect	mafft	G_FPTOSI	125	0.000882
preinstructionselect	mafft	G_PTRTOINT	86	0.000607
preinstructionselect	mafft	G_ZEXT	49	0.000346
preinstructionselect	mafft	G_AND	48	0.000339
preinstructionselect	mafft	G_SDIV	43	0.000303
preinstructionselect	mafft	G_FNEG	37	0.000261
preinstructionselect	mafft	G_SELECT	4	0.000028
preinstructionselect	mafft	G_XOR	3	0.000021
preinstructionselect	mafft	G_BRJT	2	0.000014
preinstructionselect	mafft	G_JUMP_TABLE	2	0.000014
preinstructionselect	mafft	G_ASHR	1	0.000007
preinstructionselect	SPASS	G_LOAD	37605	0.242007
preinstructionselect	SPASS	G_FRAME_INDEX	35568	0.228898
preinstructionselect	SPASS	G_STORE	19393	0.124804
preinstructionselect	SPASS	G_BR	18717	0.120453
preinstructionselect	SPASS	G_CONSTANT	15740	0.101295
preinstructionselect	SPASS	G_ICMP	8041	0.051748
preinstructionselect	SPASS	G_BRCOND	7523	0.048414
preinstructionselect	SPASS	G_PTR_ADD	3463	0.022286
preinstructionselect	SPASS	G_ADD	1644	0.010580
preinstructionselect	SPASS	G_GLOBAL_VALUE	1625	0.010458
preinstructionselect	SPASS	G_TRUNC	1111	0.007150
preinstructionselect	SPASS	G_SHL	764	0.004917
preinstructionselect	SPASS	G_SEXTLOAD	635	0.004087
preinstructionselect	SPASS	G_ZEXTLOAD	540	0.003475
preinstructionselect	SPASS	G_SUB	472	0.003038
preinstructionselect	SPASS	G_PHI	465	0.002993
preinstructionselect	SPASS	G_AND	422	0.002716
preinstructionselect	SPASS	G_ANYEXT	368	0.002368
preinstructionselect	SPASS	G_MUL	256	0.001647
preinstructionselect	SPASS	G_INTTOPTR	229	0.001474
preinstructionselect	SPASS	G_PTRTOINT	210	0.001351
preinstructionselect	SPASS	G_UDIV	177	0.001139
preinstructionselect	SPASS	G_SEXT	173	0.001113
preinstructionselect	SPASS	G_ZEXT	127	0.000817
preinstructionselect	SPASS	G_OR	29	0.000187
preinstructionselect	SPASS	G_SELECT	29	0.000187
preinstructionselect	SPASS	G_ASHR	20	0.000129
preinstructionselect	SPASS	G_SDIV	10	0.000064
preinstructionselect	SPASS	G_SITOFP	8	0.000051
preinstructionselect	SPASS	G_FCMP	6	0.000039
preinstructionselect	SPASS	G_BRJT	5	0.000032
preinstructionselect	SPASS	G_JUMP_TABLE	5	0.000032
preinstructionselect	SPASS	G_XOR	3	0.000019
preinstructionselect	SPASS	G_FPTOUI	2	0.000013
preinstructionselect	SPASS	G_VASTART	2	0.000013
preinstructionselect	SPASS	G_FCONSTANT	1	0.000006
preinstructionselect	sqlite3	G_LOAD	35121	0.223073
preinstructionselect	sqlite3	G_FRAME_INDEX	28933	0.183769
preinstructionselect	sqlite3	G_CONSTANT	24982	0.158674
preinstructionselect	sqlite3	G_BR	15505	0.098481
preinstructionselect	sqlite3	G_STORE	14617	0.092841
preinstructionselect	sqlite3	G_PTR_ADD	12250	0.077806
preinstructionselect	sqlite3	G_ICMP	7058	0.044829
preinstructionselect	sqlite3	G_BRCOND	6803	0.043210
preinstructionselect	sqlite3	G_ADD	2191	0.013916
preinstructionselect	sqlite3	G_ZEXTLOAD	2012	0.012779
preinstructionselect	sqlite3	G_SEXTLOAD	1667	0.010588
preinstructionselect	sqlite3	G_TRUNC	1180	0.007495
preinstructionselect	sqlite3	G_AND	793	0.005037
preinstructionselect	sqlite3	G_SHL	743	0.004719
preinstructionselect	sqlite3	G_MUL	638	0.004052
preinstructionselect	sqlite3	G_SEXT	467	0.002966
preinstructionselect	sqlite3	G_ZEXT	453	0.002877
preinstructionselect	sqlite3	G_ANYEXT	332	0.002109
preinstructionselect	sqlite3	G_PHI	328	0.002083
preinstructionselect	sqlite3	G_OR	295	0.001874
preinstructionselect	sqlite3	G_SUB	235	0.001493
preinstructionselect	sqlite3	G_SELECT	130	0.000826
preinstructionselect	sqlite3	G_LSHR	101	0.000642
preinstructionselect	sqlite3	G_SDIV	81	0.000514
preinstructionselect	sqlite3	G_FCONSTANT	67	0.000426
preinstructionselect	sqlite3	G_PTRTOINT	66	0.000419
preinstructionselect	sqlite3	G_SITOFP	45	0.000286
preinstructionselect	sqlite3	G_GLOBAL_VALUE	35	0.000222
preinstructionselect	sqlite3	G_FPTOSI	33	0.000210
preinstructionselect	sqlite3	G_XOR	32	0.000203
preinstructionselect	sqlite3	G_FADD	29	0.000184
preinstructionselect	sqlite3	G_ASHR	27	0.000171
preinstructionselect	sqlite3	G_INTTOPTR	25	0.000159
preinstructionselect	sqlite3	G_UDIV	25	0.000159
preinstructionselect	sqlite3	G_FMUL	23	0.000146
preinstructionselect	sqlite3	G_FCMP	22	0.000140
preinstructionselect	sqlite3	G_FDIV	19	0.000121
preinstructionselect	sqlite3	G_FSUB	19	0.000121
preinstructionselect	sqlite3	G_VASTART	11	0.000070
preinstructionselect	sqlite3	G_BRJT	10	0.000064
preinstructionselect	sqlite3	G_JUMP_TABLE	10	0.000064
preinstructionselect	sqlite3	G_FMA	9	0.000057
preinstructionselect	sqlite3	G_BITCAST	4	0.000025
preinstructionselect	sqlite3	G_FNEG	4	0.000025
preinstructionselect	sqlite3	G_UNMERGE_VALUES	4	0.000025
preinstructionselect	sqlite3	G_MERGE_VALUES	3	0.000019
preinstructionselect	sqlite3	G_UITOFP	2	0.000013
preinstructionselect	sqlite3	G_BUILD_VECTOR	1	0.000006
preinstructionselect	sqlite3	G_FPTOUI	1	0.000006
preinstructionselect	sqlite3	G_SEXT_INREG	1	0.000006
preinstructionselect	tramp3d-v4	G_FRAME_INDEX	39765	0.265653
preinstructionselect	tramp3d-v4	G_LOAD	35925	0.239999
preinstructionselect	tramp3d-v4	G_STORE	29749	0.198740
preinstructionselect	tramp3d-v4	G_CONSTANT	13728	0.091711
preinstructionselect	tramp3d-v4	G_PTR_ADD	8600	0.057453
preinstructionselect	tramp3d-v4	G_BR	7639	0.051033
preinstructionselect	tramp3d-v4	G_BRCOND	2983	0.019928
preinstructionselect	tramp3d-v4	G_AND	2299	0.015359
preinstructionselect	tramp3d-v4	G_ICMP	2249	0.015025
preinstructionselect	tramp3d-v4	G_ADD	1015	0.006781
preinstructionselect	tramp3d-v4	G_SEXTLOAD	678	0.004529
preinstructionselect	tramp3d-v4	G_TRUNC	631	0.004215
preinstructionselect	tramp3d-v4	G_PTRTOINT	533	0.003561
preinstructionselect	tramp3d-v4	G_INTTOPTR	515	0.003440
preinstructionselect	tramp3d-v4	G_SHL	461	0.003080
preinstructionselect	tramp3d-v4	G_MUL	453	0.003026
preinstructionselect	tramp3d-v4	G_ZEXTLOAD	321	0.002144
preinstructionselect	tramp3d-v4	G_ANYEXT	302	0.002018
preinstructionselect	tramp3d-v4	G_SUB	291	0.001944
preinstructionselect	tramp3d-v4	G_ZEXT	239	0.001597
preinstructionselect	tramp3d-v4	G_SDIV	203	0.001356
preinstructionselect	tramp3d-v4	G_FMUL	190	0.001269
preinstructionselect	tramp3d-v4	G_PHI	168	0.001122
preinstructionselect	tramp3d-v4	G_FCONSTANT	126	0.000842
preinstructionselect	tramp3d-v4	G_FSUB	123	0.000822
preinstructionselect	tramp3d-v4	G_SEXT	110	0.000735
preinstructionselect	tramp3d-v4	G_FMA	99	0.000661
preinstructionselect	tramp3d-v4	G_FDIV	69	0.000461
preinstructionselect	tramp3d-v4	G_FADD	45	0.000301
preinstructionselect	tramp3d-v4	G_FCMP	39	0.000261
preinstructionselect	tramp3d-v4	G_UDIV	25	0.000167
preinstructionselect	tramp3d-v4	G_FNEG	20	0.000134
preinstructionselect	tramp3d-v4	G_GLOBAL_VALUE	19	0.000127
preinstructionselect	tramp3d-v4	G_SITOFP	16	0.000107
preinstructionselect	tramp3d-v4	G_XOR	15	0.000100
preinstructionselect	tramp3d-v4	G_SELECT	13	0.000087
preinstructionselect	tramp3d-v4	G_TRAP	10	0.000067
preinstructionselect	tramp3d-v4	G_FABS	6	0.000040
preinstructionselect	tramp3d-v4	G_OR	6	0.000040
preinstructionselect	tramp3d-v4	G_UMULH	4	0.000027
preinstructionselect	tramp3d-v4	G_BITCAST	2	0.000013
preinstructionselect	tramp3d-v4	G_FPTOSI	2	0.000013
preinstructionselect	tramp3d-v4	G_CTLZ	1	0.000007
preinstructionselect	tramp3d-v4	G_VASTART	1	0.000007
